apellido,nombre,nombre_completo,enlace_perfil,facultad,cargo,imagen_url,id,json_file
Abello Galvis,Ricardo,"Abello Galvis, Ricardo",https://research-hub.urosario.edu.co/display/ricardo-abello-galvis,Facultad de Jurisprudencia,Profesor principal de carrera,https://research-hub.urosario.edu.co/file/n8667/thumbnail_Abello.jpg,ricardo-abello-galvis,json_profesores/ricardo-abello-galvis.json
Acosta Ampudia,Yeny Yasbleidy,"Acosta Ampudia, Yeny Yasbleidy",https://research-hub.urosario.edu.co/display/yeny-yasbleidy-acosta-ampudia,Escuela de Medicina y Ciencias de la Salud,Profesor asociado de carrera,https://research-hub.urosario.edu.co/file/n7801/thumbnail_Acosta.jpg,yeny-yasbleidy-acosta-ampudia,json_profesores/yeny-yasbleidy-acosta-ampudia.json
Acosta Arango,Paula María,"Acosta Arango, Paula María",https://research-hub.urosario.edu.co/display/paula-maria-acosta-arango,Facultad de Creación,Profesor de docencia y práctica,https://research-hub.urosario.edu.co/file/n12062/thumbnail_Paula+Acosta+Arango.jpg,paula-maria-acosta-arango,json_profesores/paula-maria-acosta-arango.json
Acosta Machado,Dennis Elena,"Acosta Machado, Dennis Elena",https://research-hub.urosario.edu.co/display/dennis-elena-acosta-machado,Escuela de Medicina y Ciencias de la Salud,Docente clínico y de prácticas,https://research-hub.urosario.edu.co/file/n23556/thumbnail_silueta+mujer+hub.jpg,dennis-elena-acosta-machado,json_profesores/dennis-elena-acosta-machado.json
Acosta Restrepo,Patricia,"Acosta Restrepo, Patricia",https://research-hub.urosario.edu.co/display/patricia-acosta-restrepo,"Escuela de Estudios Sociales, Políticos e Internacionales",Profesor principal de carrera,https://research-hub.urosario.edu.co/file/n18425/thumbnail_Acosta.jpg,patricia-acosta-restrepo,json_profesores/patricia-acosta-restrepo.json
Aguilar Cabeza,Susana Margarita,"Aguilar Cabeza, Susana Margarita",https://research-hub.urosario.edu.co/display/susana-margarita-aguilar-cabeza,Escuela de Medicina y Ciencias de la Salud,Docente clínico y de prácticas,https://research-hub.urosario.edu.co/file/n6613/thumbnail_silueta+mujer+hub.jpg,susana-margarita-aguilar-cabeza,json_profesores/susana-margarita-aguilar-cabeza.json
Aguilar Rubiano,Beira Andrea,"Aguilar Rubiano, Beira Andrea",https://research-hub.urosario.edu.co/display/beira-andrea-aguilar-rubiano,"Escuela de Estudios Sociales, Políticos e Internacionales",Profesor asistente de carrera,https://research-hub.urosario.edu.co/file/n14430/thumbnail_Beira.jpg,beira-andrea-aguilar-rubiano,json_profesores/beira-andrea-aguilar-rubiano.json
Aguilar Suárez,Angie Tatiana,"Aguilar Suárez, Angie Tatiana",https://research-hub.urosario.edu.co/display/angie-tatiana-aguilar-suarez,Escuela de Medicina y Ciencias de la Salud,Docente clínico y de prácticas,https://research-hub.urosario.edu.co/file/n3864/thumbnail_silueta+mujer+hub.jpg,angie-tatiana-aguilar-suarez,json_profesores/angie-tatiana-aguilar-suarez.json
Aguilera Leal,Nathalia,"Aguilera Leal, Nathalia",https://research-hub.urosario.edu.co/display/nathalia-aguilera-leal,Escuela de Medicina y Ciencias de la Salud,Docente clínico y de prácticas,https://research-hub.urosario.edu.co/file/n12290/thumbnail_natalia_leal.jpg,nathalia-aguilera-leal,json_profesores/nathalia-aguilera-leal.json
Aguilera Martínez,Sara Isabel,"Aguilera Martínez, Sara Isabel",https://research-hub.urosario.edu.co/display/sara-isabel-aguilera-martinez,Escuela de Medicina y Ciencias de la Salud,Docente clínico y de prácticas,https://research-hub.urosario.edu.co/file/n13694/thumbnail_sara-isabel-aguilera-martinez-1720121812.jpg,sara-isabel-aguilera-martinez,json_profesores/sara-isabel-aguilera-martinez.json
Aguilera Romero,Joan Norberto,"Aguilera Romero, Joan Norberto",https://research-hub.urosario.edu.co/display/joan-norberto-aguilera-romero,Escuela de Medicina y Ciencias de la Salud,Docente clínico y de prácticas,https://research-hub.urosario.edu.co/file/n26796/thumbnail_1722391612897.jpg,joan-norberto-aguilera-romero,json_profesores/joan-norberto-aguilera-romero.json
Aguía Rojas,Karen,"Aguía Rojas, Karen",https://research-hub.urosario.edu.co/display/karen-aguia-rojas,Escuela de Medicina y Ciencias de la Salud,Directora programa de Terapia Ocupacional,https://research-hub.urosario.edu.co/file/n4604/thumbnail_karen+aguia.jpg,karen-aguia-rojas,json_profesores/karen-aguia-rojas.json
Alcalá Lozano,Silvia Catalina,"Alcalá Lozano, Silvia Catalina",https://research-hub.urosario.edu.co/display/silvia-catalina-alcala-lozano,Escuela de Medicina y Ciencias de la Salud,Docente clínico y de prácticas,https://research-hub.urosario.edu.co/file/n17307/thumbnail_silueta+mujer+hub.jpg,silvia-catalina-alcala-lozano,json_profesores/silvia-catalina-alcala-lozano.json
Algecira Cano,Juan Carlos,"Algecira Cano, Juan Carlos",https://research-hub.urosario.edu.co/display/juan-carlos-algecira-cano,Escuela de Medicina y Ciencias de la Salud,Docente clínico y de prácticas,https://research-hub.urosario.edu.co/file/n14328/thumbnail_JUAN+ALGECIRA.jpg,juan-carlos-algecira-cano,json_profesores/juan-carlos-algecira-cano.json
Alzate Echeverri,Adriana María,"Alzate Echeverri, Adriana María",https://research-hub.urosario.edu.co/display/adriana-maria-alzate-echeverri,"Escuela de Estudios Sociales, Políticos e Internacionales",Profesor titular de carrera,https://research-hub.urosario.edu.co/file/n14851/thumbnail_Adriana_Alzate_1024.jpg,adriana-maria-alzate-echeverri,json_profesores/adriana-maria-alzate-echeverri.json
AlÍ Munive,Abraham Rafael,"AlÍ Munive, Abraham Rafael",https://research-hub.urosario.edu.co/display/abraham-rafael-ali-munive,Escuela de Medicina y Ciencias de la Salud,Profesor mérito,https://research-hub.urosario.edu.co/file/n1487/thumbnail_ali+munive.jpg,abraham-rafael-ali-munive,json_profesores/abraham-rafael-ali-munive.json
Amador Muñoz,Diana Patricia,"Amador Muñoz, Diana Patricia",https://research-hub.urosario.edu.co/display/diana-patricia-amador-munoz,Escuela de Medicina y Ciencias de la Salud,Profesor principal de carrera,https://research-hub.urosario.edu.co/file/n28019/thumbnail_Amador.jpg,diana-patricia-amador-munoz,json_profesores/diana-patricia-amador-munoz.json
Andrade Lotero,Edgar José,"Andrade Lotero, Edgar José",https://research-hub.urosario.edu.co/display/edgar-jose-andrade-lotero,Escuela de Ciencias e Ingeniería,Profesor asociado de carrera,https://research-hub.urosario.edu.co/file/n866/thumbnail_Edgar-Andrade.jpg,edgar-jose-andrade-lotero,json_profesores/edgar-jose-andrade-lotero.json
Andrade Pérez,David Eugenio,"Andrade Pérez, David Eugenio",https://research-hub.urosario.edu.co/display/david-eugenio-andrade-perez,Escuela de Ciencias e Ingeniería,Profesor principal de carrera,https://research-hub.urosario.edu.co/file/n198/thumbnail_David-Andrade-Perez.jpg,david-eugenio-andrade-perez,json_profesores/david-eugenio-andrade-perez.json
Aponte Barrios,Nelson Hernando,"Aponte Barrios, Nelson Hernando",https://research-hub.urosario.edu.co/display/nelson-hernando-aponte-barrios,Escuela de Medicina y Ciencias de la Salud,Docente clínico y de prácticas,,nelson-hernando-aponte-barrios,json_profesores/nelson-hernando-aponte-barrios.json
Arenas Soto,Claudia Marcela,"Arenas Soto, Claudia Marcela",https://research-hub.urosario.edu.co/display/claudia-marcela-arenas-soto,Escuela de Medicina y Ciencias de la Salud,Profesor mérito,https://research-hub.urosario.edu.co/file/n1342/thumbnail_CLAUDIA+SOTO.jpg,claudia-marcela-arenas-soto,json_profesores/claudia-marcela-arenas-soto.json
Arias Monje,Pedro José,"Arias Monje, Pedro José",https://research-hub.urosario.edu.co/display/pedro-jose-arias-monje,Escuela de Ciencias e Ingeniería,Profesor principal de carrera,https://research-hub.urosario.edu.co/file/n254/thumbnail_arias+monje+pedro.jpg,pedro-jose-arias-monje,json_profesores/pedro-jose-arias-monje.json
Arias Sanabria,Diego Fernando,"Arias Sanabria, Diego Fernando",https://research-hub.urosario.edu.co/display/diego-fernando-arias-sanabria,Escuela de Administración,Director de posgrados,https://research-hub.urosario.edu.co/file/n5106/thumbnail_arias+sanabria.jpg,diego-fernando-arias-sanabria,json_profesores/diego-fernando-arias-sanabria.json
Arias Uribe,Juan Camilo,"Arias Uribe, Juan Camilo",https://research-hub.urosario.edu.co/display/juan-camilo-arias-uribe,Escuela de Ciencias e Ingeniería,Profesor principal de carrera,https://research-hub.urosario.edu.co/file/n11072/thumbnail_FOTOJCA1.jpg,juan-camilo-arias-uribe,json_profesores/juan-camilo-arias-uribe.json
Ariza Estévez,José Guillermo,"Ariza Estévez, José Guillermo",https://research-hub.urosario.edu.co/display/jose-guillermo-ariza-estevez,Facultad de Economía,Profesor de cátedra posgrado,https://research-hub.urosario.edu.co/file/n6409/thumbnail_ariza+jose.jpg,jose-guillermo-ariza-estevez,json_profesores/jose-guillermo-ariza-estevez.json
Aroca López,Anderson Fabian,"Aroca López, Anderson Fabian",https://research-hub.urosario.edu.co/display/anderson-fabian-aroca-lopez,Escuela de Medicina y Ciencias de la Salud,Docente clínico y de prácticas,,anderson-fabian-aroca-lopez,json_profesores/anderson-fabian-aroca-lopez.json
Arturo Pérez,Felipe,"Arturo Pérez, Felipe",https://research-hub.urosario.edu.co/display/felipe-arturo-perez,Facultad de Creación,Director programa de Creación,https://research-hub.urosario.edu.co/file/n41416/thumbnail_felipe_arturo_-_director_.jpg,felipe-arturo-perez,json_profesores/felipe-arturo-perez.json
Arévalo Ramírez,Walter Orlando,"Arévalo Ramírez, Walter Orlando",https://research-hub.urosario.edu.co/display/walter-orlando-arevalo-ramirez,Facultad de Jurisprudencia,Profesor asociado de carrera,https://research-hub.urosario.edu.co/file/n8001/thumbnail_walter_arevalo.jpg,walter-orlando-arevalo-ramirez,json_profesores/walter-orlando-arevalo-ramirez.json
Aschner Rosselli,Juan Pablo,"Aschner Rosselli, Juan Pablo",https://research-hub.urosario.edu.co/display/juan-pablo-aschner-rosselli,Facultad de Creación,Decano,https://research-hub.urosario.edu.co/file/n9071/thumbnail_Juan+Pablo+Aschner+Rosselli.jpg,juan-pablo-aschner-rosselli,json_profesores/juan-pablo-aschner-rosselli.json
Avella Gonzáles,Edgar Andrés,"Avella Gonzáles, Edgar Andrés",https://research-hub.urosario.edu.co/display/edgar-andres-avella-gonzalez,"Escuela de Estudios Sociales, Políticos e Internacionales",Profesor cátedra,https://research-hub.urosario.edu.co/file/n16278/thumbnail_Edgar+Andr%C3%A9s+Avella+G%C3%B3nz%C3%A1lez.jpg,edgar-andres-avella-gonzalez,json_profesores/edgar-andres-avella-gonzalez.json
Avila Madrigal,Juan Pablo,"Avila Madrigal, Juan Pablo",https://research-hub.urosario.edu.co/display/juan-pablo-avila-madrigal,Escuela de Medicina y Ciencias de la Salud,Profesor de docencia y práctica,https://research-hub.urosario.edu.co/file/n19613/thumbnail_Dr+Juan+Pablo+Avila2.jpg,juan-pablo-avila-madrigal,json_profesores/juan-pablo-avila-madrigal.json
Avilán Vargas,Nicolás Guillermo,"Avilán Vargas, Nicolás Guillermo",https://research-hub.urosario.edu.co/display/nicolas-guillermo-avilan-vargas,Escuela de Ciencias e Ingeniería,Profesor principal de carrera,https://research-hub.urosario.edu.co/file/n15654/thumbnail_avilan+vargas+nicolas.jpg,nicolas-guillermo-avilan-vargas,json_profesores/nicolas-guillermo-avilan-vargas.json
Aya Parra,Pedro Antonio,"Aya Parra, Pedro Antonio",https://research-hub.urosario.edu.co/display/pedro-antonio-aya-parra,Escuela de Medicina y Ciencias de la Salud,Profesor de docencia y práctica,https://research-hub.urosario.edu.co/file/n8992/thumbnail_aya+pedro.jpg,pedro-antonio-aya-parra,json_profesores/pedro-antonio-aya-parra.json
Ballesteros Carrillo,Hebertd Christian,"Ballesteros Carrillo, Hebertd Christian",https://research-hub.urosario.edu.co/display/hebertd-christian-ballesteros-carrillo,Facultad de Creación,Profesor asistente de carrera,https://research-hub.urosario.edu.co/file/n8162/thumbnail_BALLESTEROS.jpg,hebertd-christian-ballesteros-carrillo,json_profesores/hebertd-christian-ballesteros-carrillo.json
Ballén Garavito,Efrén,"Ballén Garavito, Efrén",https://research-hub.urosario.edu.co/display/efren-ballen-garavito,Escuela de Administración,Profesor cátedra,https://research-hub.urosario.edu.co/file/n14466/thumbnail_Efren+Ballen+Garavit.jpg,efren-ballen-garavito,json_profesores/efren-ballen-garavito.json
Barbosa Caro,Eduar,"Barbosa Caro, Eduar",https://research-hub.urosario.edu.co/display/eduar-barbosa-caro,"Escuela de Estudios Sociales, Políticos e Internacionales",Profesor asistente de carrera,https://research-hub.urosario.edu.co/file/n764/thumbnail_Barbosa+Caro+Eduar.jpg,eduar-barbosa-caro,json_profesores/eduar-barbosa-caro.json
Barbosa de la Torre,Sergio,"Barbosa de la Torre, Sergio",https://research-hub.urosario.edu.co/display/sergio-barbosa-de-la-torre,Escuela de Medicina y Ciencias de la Salud,Profesor principal de carrera,https://research-hub.urosario.edu.co/file/n10753/thumbnail_sergio+barbosa.jpg,sergio-barbosa-de-la-torre,json_profesores/sergio-barbosa-de-la-torre.json
Barbosa Ramírez,David Hernando,"Barbosa Ramírez, David Hernando",https://research-hub.urosario.edu.co/display/david-hernando-barbosa-ramirez,Facultad de Jurisprudencia,Profesor titular de carrera,https://research-hub.urosario.edu.co/file/n2845/thumbnail_79413356.jpg,david-hernando-barbosa-ramirez,json_profesores/david-hernando-barbosa-ramirez.json
Barragán González,Ana María,"Barragán González, Ana María",https://research-hub.urosario.edu.co/display/ana-maria-barragan-gonzalez,Escuela de Medicina y Ciencias de la Salud,Profesor principal de carrera,https://research-hub.urosario.edu.co/file/n77634/thumbnail_Barragan.jpg,ana-maria-barragan-gonzalez,json_profesores/ana-maria-barragan-gonzalez.json
Barreneche López,Yuly Andrea,"Barreneche López, Yuly Andrea",https://research-hub.urosario.edu.co/display/yuly-andrea-barreneche-lopez,Decanatura del Medio Universitario,Profesor de docencia y práctica,https://research-hub.urosario.edu.co/file/n6283/thumbnail_investigacion-investigadores-barreneche.jpg,yuly-andrea-barreneche-lopez,json_profesores/yuly-andrea-barreneche-lopez.json
Barrera Garavito,Edgar Camilo,"Barrera Garavito, Edgar Camilo",https://research-hub.urosario.edu.co/display/edgar-camilo-barrera-garavito,Escuela de Medicina y Ciencias de la Salud,Profesor principal de carrera,https://research-hub.urosario.edu.co/file/n4386/thumbnail_Barrera.jpg,edgar-camilo-barrera-garavito,json_profesores/edgar-camilo-barrera-garavito.json
Barrera Suárez,Erika Lorena,"Barrera Suárez, Erika Lorena",https://research-hub.urosario.edu.co/display/erika-lorena-barrera-suarez,Escuela de Medicina y Ciencias de la Salud,Profesor auxiliar de carrera,https://research-hub.urosario.edu.co/file/n5075/thumbnail_1026564418.jpg,erika-lorena-barrera-suarez,json_profesores/erika-lorena-barrera-suarez.json
Barrero Contreras,Julián Andrés,"Barrero Contreras, Julián Andrés",https://research-hub.urosario.edu.co/display/julian-andres-barrero-contreras,Escuela de Medicina y Ciencias de la Salud,Docente clínico y de prácticas,https://research-hub.urosario.edu.co/file/n12880/thumbnail_JulianContreras.jpg,julian-andres-barrero-contreras,json_profesores/julian-andres-barrero-contreras.json
Barreto Zorza,Yenny Marcela,"Barreto Zorza, Yenny Marcela",https://research-hub.urosario.edu.co/display/yenny-marcela-barreto-zorza,Escuela de Medicina y Ciencias de la Salud,Profesor auxiliar de carrera,https://research-hub.urosario.edu.co/file/n4509/thumbnail_Captura+de+pantalla+2026-03-24+142833.jpg,yenny-marcela-barreto-zorza,json_profesores/yenny-marcela-barreto-zorza.json
Basset,Yann,"Basset, Yann",https://research-hub.urosario.edu.co/display/yann-basset,"Escuela de Estudios Sociales, Políticos e Internacionales",Profesor titular de carrera,https://research-hub.urosario.edu.co/file/n12465/thumbnail_315986.jpg,yann-basset,json_profesores/yann-basset.json
Basto Duarte,María Constanza,"Basto Duarte, María Constanza",https://research-hub.urosario.edu.co/display/maria-constanza-basto-duarte,Escuela de Medicina y Ciencias de la Salud,Docente clínico y de prácticas,https://research-hub.urosario.edu.co/file/n15249/thumbnail_Captura+de+pantalla+2025-11-26+111150.jpg,maria-constanza-basto-duarte,json_profesores/maria-constanza-basto-duarte.json
Batz Liñeiro,Aglaya,"Batz Liñeiro, Aglaya",https://research-hub.urosario.edu.co/display/aglaya-batz-lineiro,Escuela de Administración,Profesor principal de carrera,https://research-hub.urosario.edu.co/file/n5353/thumbnail_aglaya+batz.jpg,aglaya-batz-lineiro,json_profesores/aglaya-batz-lineiro.json
Becerra Fernández,Mauricio,"Becerra Fernández, Mauricio",https://research-hub.urosario.edu.co/display/mauricio-becerra-fernandez,Escuela de Ciencias e Ingeniería,Profesor principal de carrera,https://research-hub.urosario.edu.co/file/n13717/thumbnail_becerra.jpg,mauricio-becerra-fernandez,json_profesores/mauricio-becerra-fernandez.json
Bejarano Quintero,Martha Carolina,"Bejarano Quintero, Martha Carolina",https://research-hub.urosario.edu.co/display/martha-carolina-bejarano-quintero,Escuela de Medicina y Ciencias de la Salud,Directora de posgrados,https://research-hub.urosario.edu.co/file/n8088/thumbnail_martha+bejarano.jpg,martha-carolina-bejarano-quintero,json_profesores/martha-carolina-bejarano-quintero.json
Beltrán Beltrán,Clara Lida Lizbeth,"Beltrán Beltrán, Clara Lida Lizbeth",https://research-hub.urosario.edu.co/display/clara-lida-lizbeth-beltran-beltran,Escuela de Medicina y Ciencias de la Salud,Profesor mérito,https://research-hub.urosario.edu.co/file/n12739/thumbnail_CLARA+BELTRAN.jpg,clara-lida-lizbeth-beltran-beltran,json_profesores/clara-lida-lizbeth-beltran-beltran.json
Beltrán Ríos,Andrés Guillermo,"Beltrán Ríos, Andrés Guillermo",https://research-hub.urosario.edu.co/display/andres-guillermo-beltran-rios,Escuela de Medicina y Ciencias de la Salud,Docente clínico y de prácticas,,andres-guillermo-beltran-rios,json_profesores/andres-guillermo-beltran-rios.json
Benítez Ospina,Adriana Isabel,"Benítez Ospina, Adriana Isabel",https://research-hub.urosario.edu.co/display/adriana-isabel-benitez-ospina,Escuela de Medicina y Ciencias de la Salud,Profesor de docencia y práctica,https://research-hub.urosario.edu.co/file/n11360/thumbnail_ADRIANA+BENITEZ.jpg,adriana-isabel-benitez-ospina,json_profesores/adriana-isabel-benitez-ospina.json
Bermúdez Hernández,Pablo Andrés,"Bermúdez Hernández, Pablo Andrés",https://research-hub.urosario.edu.co/display/pablo-andres-bermudez-hernandez,Escuela de Medicina y Ciencias de la Salud,Profesor auxiliar de carrera,https://research-hub.urosario.edu.co/file/n14365/thumbnail_pablo-bermudez_0.jpg,pablo-andres-bermudez-hernandez,json_profesores/pablo-andres-bermudez-hernandez.json
Bernal Camargo,Diana Rocío,"Bernal Camargo, Diana Rocío",https://research-hub.urosario.edu.co/display/diana-rocio-bernal-camargo,Facultad de Jurisprudencia,Profesor titular de carrera,https://research-hub.urosario.edu.co/file/n3054/thumbnail_diana+rocio+bernal.jpg,diana-rocio-bernal-camargo,json_profesores/diana-rocio-bernal-camargo.json
Bernal Castro,Carol Andrea,"Bernal Castro, Carol Andrea",https://research-hub.urosario.edu.co/display/carol-andrea-bernal-castro,Escuela de Medicina y Ciencias de la Salud,Instructor,https://research-hub.urosario.edu.co/file/n5654/thumbnail_CAROL+BERNAL.jpg,carol-andrea-bernal-castro,json_profesores/carol-andrea-bernal-castro.json
Bernal Ordoñez,Lina Karina,"Bernal Ordoñez, Lina Karina",https://research-hub.urosario.edu.co/display/lina-karina-bernal-ordonez,Escuela de Medicina y Ciencias de la Salud,Profesor principal de carrera,https://research-hub.urosario.edu.co/file/n546/thumbnail_Foto_Lina+Bernal.jpg,lina-karina-bernal-ordonez,json_profesores/lina-karina-bernal-ordonez.json
Bernate Ochoa,Francisco,"Bernate Ochoa, Francisco",https://research-hub.urosario.edu.co/display/francisco-bernate-ochoa,Facultad de Jurisprudencia,Profesor titular de carrera,https://research-hub.urosario.edu.co/file/n13266/thumbnail_Bernate.jpg,francisco-bernate-ochoa,json_profesores/francisco-bernate-ochoa.json
Blanco Pérez,Ángela Gabriela,"Blanco Pérez, Ángela Gabriela",https://research-hub.urosario.edu.co/display/angela-gabriela-blanco-perez,Escuela de Medicina y Ciencias de la Salud,Docente clínico y de prácticas,https://research-hub.urosario.edu.co/file/n644/thumbnail_thumbnail_PHOTO-2025-06-19-19-03-25.jpg,angela-gabriela-blanco-perez,json_profesores/angela-gabriela-blanco-perez.json
Blanco,Humberto,"Blanco, Humberto ",https://research-hub.urosario.edu.co/display/n49896,Facultad de Economía,,,n49896,json_profesores/n49896.json
Borda García,Eliana Carolina,"Borda García, Eliana Carolina",https://research-hub.urosario.edu.co/display/eliana-carolina-borda-garcia,Escuela de Administración,Profesor de docencia y práctica,https://research-hub.urosario.edu.co/file/n408/thumbnail_eliana+borda+2.jpg,eliana-carolina-borda-garcia,json_profesores/eliana-carolina-borda-garcia.json
Bosa,Bastien Andre,"Bosa, Bastien Andre",https://research-hub.urosario.edu.co/display/bastien-andre-bosa,"Escuela de Estudios Sociales, Políticos e Internacionales",Profesor titular de carrera,https://research-hub.urosario.edu.co/file/n1874/thumbnail_Bosa+Bastien+Andre.jpg,bastien-andre-bosa,json_profesores/bastien-andre-bosa.json
Botero Cabrera,Sandra,"Botero Cabrera, Sandra",https://research-hub.urosario.edu.co/display/sandra-botero-cabrera,"Escuela de Estudios Sociales, Políticos e Internacionales",Profesor asociado de carrera,https://research-hub.urosario.edu.co/file/n58563/thumbnail_sandra_botero_UR.jpg,sandra-botero-cabrera,json_profesores/sandra-botero-cabrera.json
Botero Meneses,Juan Sebastián,"Botero Meneses, Juan Sebastián",https://research-hub.urosario.edu.co/display/juan-sebastian-botero-meneses,Escuela de Medicina y Ciencias de la Salud,Profesor asistente de carrera,https://research-hub.urosario.edu.co/file/n2905/thumbnail_Dr+Botero.jpg,juan-sebastian-botero-meneses,json_profesores/juan-sebastian-botero-meneses.json
Botero Ospina,María Elena,"Botero Ospina, María Elena",https://research-hub.urosario.edu.co/display/maria-elena-botero-ospina,"Escuela de Estudios Sociales, Políticos e Internacionales",Profesor asociado de carrera,https://research-hub.urosario.edu.co/file/n13026/thumbnail_Botero.jpg,maria-elena-botero-ospina,json_profesores/maria-elena-botero-ospina.json
Boyer Hernández,Amalia Sonia,"Boyer Hernández, Amalia Sonia",https://research-hub.urosario.edu.co/display/amalia-sonia-boyer-hernandez,"Escuela de Estudios Sociales, Políticos e Internacionales",Profesor principal de carrera,https://research-hub.urosario.edu.co/file/n26806/thumbnail_amalia.jpg,amalia-sonia-boyer-hernandez,json_profesores/amalia-sonia-boyer-hernandez.json
Briceño Ayala,Leonardo,"Briceño Ayala, Leonardo",https://research-hub.urosario.edu.co/display/leonardo-briceno-ayala,Escuela de Medicina y Ciencias de la Salud,Profesor asociado de carrera,https://research-hub.urosario.edu.co/file/n16520/thumbnail_Brice%C3%B1o.jpg,leonardo-briceno-ayala,json_profesores/leonardo-briceno-ayala.json
Buendia Godoy,Richard Giovanni,"Buendia Godoy, Richard Giovanni",https://research-hub.urosario.edu.co/display/richard-giovanni-buendia-godoy,Escuela de Medicina y Ciencias de la Salud,Profesor mérito,https://research-hub.urosario.edu.co/file/n19090/thumbnail_RICHARD+BUENDIA.jpg,richard-giovanni-buendia-godoy,json_profesores/richard-giovanni-buendia-godoy.json
Buitrago Bolívar,Carolina,"Buitrago Bolívar, Carolina",https://research-hub.urosario.edu.co/display/carolina-buitrago-bolivar,Escuela de Medicina y Ciencias de la Salud,Docente clínico y de prácticas,https://research-hub.urosario.edu.co/file/n5820/thumbnail_Dra.+Carolina+Buitrago.jpg,carolina-buitrago-bolivar,json_profesores/carolina-buitrago-bolivar.json
Buitrago Medina,Daniel Alejandro,"Buitrago Medina, Daniel Alejandro",https://research-hub.urosario.edu.co/display/daniel-alejandro-buitrago-medina,Escuela de Medicina y Ciencias de la Salud,Profesor asistente de carrera,https://research-hub.urosario.edu.co/file/n2702/thumbnail_Buitrago.jpg,daniel-alejandro-buitrago-medina,json_profesores/daniel-alejandro-buitrago-medina.json
Buitrago Ricaurte,Natalia,"Buitrago Ricaurte, Natalia",https://research-hub.urosario.edu.co/display/natalia-buitrago-ricaurte,Escuela de Medicina y Ciencias de la Salud,Profesor auxiliar de carrera,https://research-hub.urosario.edu.co/file/n20823/thumbnail_natalia+buitrago.jpg,natalia-buitrago-ricaurte,json_profesores/natalia-buitrago-ricaurte.json
Bustos Martínez,Jorge Arturo,"Bustos Martínez, Jorge Arturo",https://research-hub.urosario.edu.co/display/jorge-arturo-bustos-martinez,Escuela de Medicina y Ciencias de la Salud,Docente clínico y de prácticas,https://research-hub.urosario.edu.co/file/n3011/thumbnail_Bustos+Martinez+Jorge.jpg,jorge-arturo-bustos-martinez,json_profesores/jorge-arturo-bustos-martinez.json
Cabrera Calderón,Martha Beatríz,"Cabrera Calderón, Martha Beatríz",https://research-hub.urosario.edu.co/display/martha-beatriz-cabrera-calderon,Escuela de Medicina y Ciencias de la Salud,Instructor,https://research-hub.urosario.edu.co/file/n12066/thumbnail_Martha+Beatriz+Cabrera+Calderon.jpg,martha-beatriz-cabrera-calderon,json_profesores/martha-beatriz-cabrera-calderon.json
Cabrera Cumplido,Laura,"Cabrera Cumplido, Laura",https://research-hub.urosario.edu.co/display/laura-cabrera-cumplido,Escuela de Medicina y Ciencias de la Salud,Docente clínico y de prácticas,https://research-hub.urosario.edu.co/file/n6426/thumbnail_Captura.jpg,laura-cabrera-cumplido,json_profesores/laura-cabrera-cumplido.json
Cabrera Pérez,Rodrigo,"Cabrera Pérez, Rodrigo",https://research-hub.urosario.edu.co/display/rodrigo-cabrera-perez,Escuela de Medicina y Ciencias de la Salud,Profesor principal de carrera,https://research-hub.urosario.edu.co/file/n138/thumbnail_RODRIGO_CABRERA.jpg,rodrigo-cabrera-perez,json_profesores/rodrigo-cabrera-perez.json
Cadena Rueda,Edwin Alberto,"Cadena Rueda, Edwin Alberto",https://research-hub.urosario.edu.co/display/edwin-alberto-cadena-rueda,Escuela de Ciencias e Ingeniería,Profesor titular de carrera,https://research-hub.urosario.edu.co/file/n6524/thumbnail_thumbnail_Edwin-Cadena-1.jpg,edwin-alberto-cadena-rueda,json_profesores/edwin-alberto-cadena-rueda.json
Caicedo Blanco,Javier Andrés,"Caicedo Blanco, Javier Andrés",https://research-hub.urosario.edu.co/display/javier-andres-caicedo-blanco,Escuela de Medicina y Ciencias de la Salud,Docente clínico y de prácticas,https://research-hub.urosario.edu.co/file/n8581/thumbnail_Captura+de+pantalla+2025-11-24+092308.jpg,javier-andres-caicedo-blanco,json_profesores/javier-andres-caicedo-blanco.json
Cajiao Nieto,Ana Isabel,"Cajiao Nieto, Ana Isabel",https://research-hub.urosario.edu.co/display/ana-isabel-cajiao-nieto,Facultad de Creación,Profesor de docencia y práctica,https://research-hub.urosario.edu.co/file/n29369/thumbnail_ana-isabel-cajiao.jpg,ana-isabel-cajiao-nieto,json_profesores/ana-isabel-cajiao-nieto.json
Calderón Cruz,Ingrid Lucía,"Calderón Cruz, Ingrid Lucía",https://research-hub.urosario.edu.co/display/ingrid-lucia-calderon-cruz,Escuela de Medicina y Ciencias de la Salud,Instructor,https://research-hub.urosario.edu.co/file/n3580/thumbnail_silueta+mujer.jpg,ingrid-lucia-calderon-cruz,json_profesores/ingrid-lucia-calderon-cruz.json
Calderón Ospina,Carlos Alberto,"Calderón Ospina, Carlos Alberto",https://research-hub.urosario.edu.co/display/carlos-alberto-calderon-ospina,Escuela de Medicina y Ciencias de la Salud,Profesor asociado de carrera,https://research-hub.urosario.edu.co/file/n9522/thumbnail_Calderon.jpg,carlos-alberto-calderon-ospina,json_profesores/carlos-alberto-calderon-ospina.json
Camacho Ramírez,Adriana,"Camacho Ramírez, Adriana",https://research-hub.urosario.edu.co/display/adriana-camacho-ramirez,Facultad de Jurisprudencia,Profesor asociado de carrera,https://research-hub.urosario.edu.co/file/n3260/thumbnail_Adriana_camacho_ramirez_hub.jpg,adriana-camacho-ramirez,json_profesores/adriana-camacho-ramirez.json
Camargo  Álvarez,Diana María,"Camargo  Álvarez, Diana María",https://research-hub.urosario.edu.co/display/diana-maria-camargo-alvarez,Escuela de Medicina y Ciencias de la Salud,Docente clínico y de prácticas,https://research-hub.urosario.edu.co/file/n1848/thumbnail_Captura.jpg,diana-maria-camargo-alvarez,json_profesores/diana-maria-camargo-alvarez.json
Campo Bautista,Esther María,"Campo Bautista, Esther María",https://research-hub.urosario.edu.co/display/esther-maria-campo-bautista,Escuela de Medicina y Ciencias de la Salud,Docente clínico y de prácticas,https://research-hub.urosario.edu.co/file/n21670/thumbnail_Captura+de+pantalla+2025-10-15+112906.jpg,esther-maria-campo-bautista,json_profesores/esther-maria-campo-bautista.json
Cano Romero,Juan Fernando,"Cano Romero, Juan Fernando",https://research-hub.urosario.edu.co/display/juan-fernando-cano-romero,Escuela de Medicina y Ciencias de la Salud,Profesor auxiliar de carrera,https://research-hub.urosario.edu.co/file/n30461/thumbnail_Cano.jpg,juan-fernando-cano-romero,json_profesores/juan-fernando-cano-romero.json
Cantillo Cuello,Nelly Margareth,"Cantillo Cuello, Nelly Margareth",https://research-hub.urosario.edu.co/display/nelly-margareth-cantillo-cuello,Escuela de Ciencias e Ingeniería,Profesor principal de carrera,https://research-hub.urosario.edu.co/file/n3120/thumbnail_CANTILLO+CUELLO+NELLY+MARGARETH.jpg,nelly-margareth-cantillo-cuello,json_profesores/nelly-margareth-cantillo-cuello.json
Cardona Valencia,Carolina,"Cardona Valencia, Carolina",https://research-hub.urosario.edu.co/display/carolina-cardona-valencia,Escuela de Medicina y Ciencias de la Salud,Instructor,https://research-hub.urosario.edu.co/file/n14547/thumbnail_silueta+mujer.jpg,carolina-cardona-valencia,json_profesores/carolina-cardona-valencia.json
Cardozo Roa,Clara Carolina,"Cardozo Roa, Clara Carolina",https://research-hub.urosario.edu.co/display/clara-carolina-cardozo-roa,Facultad de Jurisprudencia,Profesor cátedra posgrado,https://research-hub.urosario.edu.co/file/n10282/thumbnail_clara+carcozo.jpg,clara-carolina-cardozo-roa,json_profesores/clara-carolina-cardozo-roa.json
Carranza Castrillón,María Alejandra,"Carranza Castrillón, María Alejandra",https://research-hub.urosario.edu.co/display/maria-alejandra-carranza-castrillon,Escuela de Medicina y Ciencias de la Salud,Docente clínico y de prácticas,https://research-hub.urosario.edu.co/file/n15167/thumbnail_Captura.jpg,maria-alejandra-carranza-castrillon,json_profesores/maria-alejandra-carranza-castrillon.json
Carriazo Osorio,Fernando,"Carriazo Osorio, Fernando",https://research-hub.urosario.edu.co/display/fernando-carriazo-osorio,"Escuela de Estudios Sociales, Políticos e Internacionales",Profesor asociado de carrera,https://research-hub.urosario.edu.co/file/n2581/thumbnail_Captura+de+pantalla+2026-03-25+144107.jpg,fernando-carriazo-osorio,json_profesores/fernando-carriazo-osorio.json
Casadiego Mora,Juan Camilo,"Casadiego Mora, Juan Camilo",https://research-hub.urosario.edu.co/display/juan-camilo-casadiego-mora,Escuela de Medicina y Ciencias de la Salud,Docente clínico y de prácticas,,juan-camilo-casadiego-mora,json_profesores/juan-camilo-casadiego-mora.json
Casallas Murillo,Ana Lucía,"Casallas Murillo, Ana Lucía",https://research-hub.urosario.edu.co/display/ana-lucia-casallas-murillo,Escuela de Medicina y Ciencias de la Salud,Profesor auxiliar de carrera,https://research-hub.urosario.edu.co/file/n32764/thumbnail_Casallas.jpg,ana-lucia-casallas-murillo,json_profesores/ana-lucia-casallas-murillo.json
Casas Jaramillo,Felipe,"Casas Jaramillo, Felipe",https://research-hub.urosario.edu.co/display/felipe-casas-jaramillo,Escuela de Medicina y Ciencias de la Salud,Docente clínico y de prácticas,https://research-hub.urosario.edu.co/file/n3792/thumbnail_Captura+de+pantalla+2025-10-15+114555.jpg,felipe-casas-jaramillo,json_profesores/felipe-casas-jaramillo.json
Castañeda Luquerna,Aurora Ximena,"Castañeda Luquerna, Aurora Ximena",https://research-hub.urosario.edu.co/display/aurora-ximena-casta-eda-luquerna,Escuela de Medicina y Ciencias de la Salud,Docente clínico y de prácticas,https://research-hub.urosario.edu.co/file/n89967/thumbnail_Captura+de+pantalla+2025-11-24+105550.jpg,aurora-ximena-casta-eda-luquerna,json_profesores/aurora-ximena-casta-eda-luquerna.json
Castañeda Uribe,Octavio Alejandro,"Castañeda Uribe, Octavio Alejandro",https://research-hub.urosario.edu.co/display/octavio-alejandro-castaneda-uribe,Escuela de Ciencias e Ingeniería,Profesor principal de carrera,https://research-hub.urosario.edu.co/file/n14660/thumbnail_octavio2.jpg,octavio-alejandro-castaneda-uribe,json_profesores/octavio-alejandro-castaneda-uribe.json
Castellanos Daza,Junior,"Castellanos Daza, Junior",https://research-hub.urosario.edu.co/display/junior-castellanos-daza,Escuela de Medicina y Ciencias de la Salud,Docente clínico y de prácticas,https://research-hub.urosario.edu.co/file/n55/thumbnail_1000157657.jpg,junior-castellanos-daza,json_profesores/junior-castellanos-daza.json
Castellanos de la Hoz,Juan Camilo,"Castellanos de la Hoz, Juan Camilo",https://research-hub.urosario.edu.co/display/juan-camilo-castellanos-delahoz,Escuela de Medicina y Ciencias de la Salud,Docente clínico y de prácticas,https://research-hub.urosario.edu.co/file/n11020/thumbnail_juan+castellanos.jpg,juan-camilo-castellanos-delahoz,json_profesores/juan-camilo-castellanos-delahoz.json
Castiblanco Ávila,David Nicolás,"Castiblanco Ávila, David Nicolás",https://research-hub.urosario.edu.co/display/david-nicolas-castiblanco-avila,Escuela de Ciencias e Ingeniería,Profesor de docencia y práctica,https://research-hub.urosario.edu.co/file/n1193/thumbnail_David+Nicolas+Castiblanco+Avila.jpg,david-nicolas-castiblanco-avila,json_profesores/david-nicolas-castiblanco-avila.json
Castillo Martínez,Juan Alberto,"Castillo Martínez, Juan Alberto",https://research-hub.urosario.edu.co/display/juan-alberto-castillo-martinez,Escuela de Medicina y Ciencias de la Salud,Profesor titular de carrera,https://research-hub.urosario.edu.co/file/n29491/thumbnail_Castillo.jpg,juan-alberto-castillo-martinez,json_profesores/juan-alberto-castillo-martinez.json
Castro González,Jesús Antonio,"Castro González, Jesús Antonio",https://research-hub.urosario.edu.co/display/jesus-antonio-castro-gonzalez,Facultad de Economía,Profesor de cátedra posgrado,https://research-hub.urosario.edu.co/file/n11713/thumbnail_Jesus+Antonio+Castro+Gonzalez.jpg,jesus-antonio-castro-gonzalez,json_profesores/jesus-antonio-castro-gonzalez.json
Castro Iragorri,Carlos Alberto,"Castro Iragorri, Carlos Alberto",https://research-hub.urosario.edu.co/display/carlos-alberto-castro-iragorri,Facultad de Economía,Profesor asociado de carrera,https://research-hub.urosario.edu.co/file/n24605/thumbnail_carlos_castro_iragorri.jpg,carlos-alberto-castro-iragorri,json_profesores/carlos-alberto-castro-iragorri.json
Castro Torres,Wilson Javier,"Castro Torres, Wilson Javier",https://research-hub.urosario.edu.co/display/wilson-javier-castro-torres,Facultad de Economía,Profesor de cátedra posgrado,https://research-hub.urosario.edu.co/file/n51536/thumbnail_wilson+torres+%281%29.jpg,wilson-javier-castro-torres,json_profesores/wilson-javier-castro-torres.json
Caycedo Duque,Alejandra,"Caycedo Duque, Alejandra",https://research-hub.urosario.edu.co/display/alejandra-caycedo-duque,Escuela de Medicina y Ciencias de la Salud,Docente clínico y de prácticas,https://research-hub.urosario.edu.co/file/n51883/thumbnail_Captura+de+pantalla+2026-01-21+112743.jpg,alejandra-caycedo-duque,json_profesores/alejandra-caycedo-duque.json
Cañón Sandoval,Laura Andrea,"Cañón Sandoval, Laura Andrea",https://research-hub.urosario.edu.co/display/laura-andrea-canon-sandoval,Escuela de Medicina y Ciencias de la Salud,Docente clínico y de prácticas,https://research-hub.urosario.edu.co/file/n16379/thumbnail_1595974726068.jpg,laura-andrea-canon-sandoval,json_profesores/laura-andrea-canon-sandoval.json
Ceballos Garzón,Carlos Andrés,"Ceballos Garzón, Carlos Andrés",https://research-hub.urosario.edu.co/display/carlos-andres-ceballos-garzon,Escuela de Medicina y Ciencias de la Salud,Profesor principal de carrera,https://research-hub.urosario.edu.co/file/n45300/thumbnail_Andres+Ceballos+Foto.jpg,carlos-andres-ceballos-garzon,json_profesores/carlos-andres-ceballos-garzon.json
Cediel Becerra,Juan Fernando,"Cediel Becerra, Juan Fernando",https://research-hub.urosario.edu.co/display/juan-fernando-cediel-becerra,Escuela de Medicina y Ciencias de la Salud,Profesor principal de carrera,https://research-hub.urosario.edu.co/file/n9140/thumbnail_cediel.jpg,juan-fernando-cediel-becerra,json_profesores/juan-fernando-cediel-becerra.json
Cely Cely,Wilmer Alexander,"Cely Cely, Wilmer Alexander",https://research-hub.urosario.edu.co/display/wilmer-alexander-cely-cely,Escuela de Medicina y Ciencias de la Salud,Docente clínico y de prácticas,https://research-hub.urosario.edu.co/file/n1074/thumbnail_cely+wilmer.jpg,wilmer-alexander-cely-cely,json_profesores/wilmer-alexander-cely-cely.json
Cerón Steevens,Karen Nathalia,"Cerón Steevens, Karen Nathalia",https://research-hub.urosario.edu.co/display/karen-nathalia-ceron-steevens,"Escuela de Estudios Sociales, Políticos e Internacionales",Profesor de docencia y práctica,https://research-hub.urosario.edu.co/file/n22549/thumbnail_ceeron+padilla.jpg,karen-nathalia-ceron-steevens,json_profesores/karen-nathalia-ceron-steevens.json
Chalela Hernández,Tomás,"Chalela Hernández, Tomás",https://research-hub.urosario.edu.co/display/tomas-chalela-hernandez,Escuela de Medicina y Ciencias de la Salud,Docente clínico y de prácticas,https://research-hub.urosario.edu.co/file/n1519/thumbnail_1747867021502.jpg,tomas-chalela-hernandez,json_profesores/tomas-chalela-hernandez.json
Charry Joya,Carlos Andrés,"Charry Joya, Carlos Andrés",https://research-hub.urosario.edu.co/display/carlos-andres-charry-joya,"Escuela de Estudios Sociales, Políticos e Internacionales",Profesor asociado de carrera,https://research-hub.urosario.edu.co/file/n22847/thumbnail_Charry.jpg,carlos-andres-charry-joya,json_profesores/carlos-andres-charry-joya.json
Chavarri Urrutia,Ignacio,"Chavarri Urrutia, Ignacio",https://research-hub.urosario.edu.co/display/ignacio-chavarri-urrutia,Facultad de Creación,Profesor de docencia y práctica,https://research-hub.urosario.edu.co/file/n10581/thumbnail_profe+I%C3%B1aki+Ch.jpg,ignacio-chavarri-urrutia,json_profesores/ignacio-chavarri-urrutia.json
Chaves Rosero,Andrés Mauricio,"Chaves Rosero, Andrés Mauricio",https://research-hub.urosario.edu.co/display/andres-mauricio-chaves-rosero,Escuela de Medicina y Ciencias de la Salud,Docente clínico y de prácticas,,andres-mauricio-chaves-rosero,json_profesores/andres-mauricio-chaves-rosero.json
Chávez Rojas,Juan Sebastián,"Chávez Rojas, Juan Sebastián",https://research-hub.urosario.edu.co/display/juan-sebastian-chavez-rojas,Escuela de Administración,Director Emprendimiento,https://research-hub.urosario.edu.co/file/n2574/thumbnail_profe+Sebastian+EA.jpg,juan-sebastian-chavez-rojas,json_profesores/juan-sebastian-chavez-rojas.json
Cifuentes Ruiz,Ana María,"Cifuentes Ruiz, Ana María",https://research-hub.urosario.edu.co/display/ana-maria-cifuentes-ruiz,Facultad de Creación,Profesor principal de carrera,https://research-hub.urosario.edu.co/file/n5022/thumbnail_Ana+Maria+Cifuentes.jpg,ana-maria-cifuentes-ruiz,json_profesores/ana-maria-cifuentes-ruiz.json
Clerici,Nicola,"Clerici, Nicola",https://research-hub.urosario.edu.co/display/nicola-clerici,Escuela de Ciencias e Ingeniería,Profesor titular de carrera,https://research-hub.urosario.edu.co/file/n12593/thumbnail_Clerici.jpg,nicola-clerici,json_profesores/nicola-clerici.json
Contreras Bravo,Nora Constanza,"Contreras Bravo, Nora Constanza",https://research-hub.urosario.edu.co/display/nora-constanza-contreras-bravo,Escuela de Medicina y Ciencias de la Salud,Profesor asistente de carrera,https://research-hub.urosario.edu.co/file/n98169/thumbnail_Contreras.jpg,nora-constanza-contreras-bravo,json_profesores/nora-constanza-contreras-bravo.json
Contreras Forero,Francisco Javier,"Contreras Forero, Francisco Javier",https://research-hub.urosario.edu.co/display/francisco-javier-contreras-forero,Escuela de Medicina y Ciencias de la Salud,Docente clínico y de prácticas,,francisco-javier-contreras-forero,json_profesores/francisco-javier-contreras-forero.json
Contreras Torres,Francoise Venezia,"Contreras Torres, Francoise Venezia",https://research-hub.urosario.edu.co/display/francoise-venezia-contreras-torres,Escuela de Administración,Profesor titular de carrera,https://research-hub.urosario.edu.co/file/n56211/thumbnail_Contreras.jpg,francoise-venezia-contreras-torres,json_profesores/francoise-venezia-contreras-torres.json
Coronado Flechas,Diana Carolina,"Coronado Flechas, Diana Carolina",https://research-hub.urosario.edu.co/display/diana-carolina-coronado-flechas,Escuela de Medicina y Ciencias de la Salud,Instructor,https://research-hub.urosario.edu.co/file/n12198/thumbnail_CAROLINA+C.jpg,diana-carolina-coronado-flechas,json_profesores/diana-carolina-coronado-flechas.json
Correa Flórez,María Camila,"Correa Flórez, María Camila",https://research-hub.urosario.edu.co/display/maria-camila-correa-florez,Facultad de Jurisprudencia,Directora Grupo de Investigación en Derecho Penal,https://research-hub.urosario.edu.co/file/n28492/thumbnail_maria+camila+correa.jpg,maria-camila-correa-florez,json_profesores/maria-camila-correa-florez.json
Correa Segura,Alejandra Cristina,"Correa Segura, Alejandra Cristina",https://research-hub.urosario.edu.co/display/alejandra-cristina-correa-segura,Escuela de Medicina y Ciencias de la Salud,Instructor,https://research-hub.urosario.edu.co/file/n13024/thumbnail_alejandra+correa.jpg,alejandra-cristina-correa-segura,json_profesores/alejandra-cristina-correa-segura.json
Cortina Roa,Luz Ángela,"Cortina Roa, Luz Ángela",https://research-hub.urosario.edu.co/display/luz-angela-cortina-roa,Escuela de Medicina y Ciencias de la Salud,Profesor asistente de carrera,https://research-hub.urosario.edu.co/file/n5172/thumbnail_luz+cortina.jpg,luz-angela-cortina-roa,json_profesores/luz-angela-cortina-roa.json
Cortés Cortés,Darwin,"Cortés Cortés, Darwin",https://research-hub.urosario.edu.co/display/darwin-cortes-cortes,Facultad de Economía,Profesor titular de carrera,https://research-hub.urosario.edu.co/file/n3974/thumbnail_Darwin+Cortes.jpg,darwin-cortes-cortes,json_profesores/darwin-cortes-cortes.json
Cortés García,Claudia Margarita,"Cortés García, Claudia Margarita",https://research-hub.urosario.edu.co/display/claudia-margarita-cortes-garcia,"Escuela de Estudios Sociales, Políticos e Internacionales",Profesor asociado de carrera,https://research-hub.urosario.edu.co/file/n15525/thumbnail_claudia-margarita-cortes.jpg,claudia-margarita-cortes-garcia,json_profesores/claudia-margarita-cortes-garcia.json
Cortés Nieto,Johanna Del Pilar,"Cortés Nieto, Johanna Del Pilar",https://research-hub.urosario.edu.co/display/johanna-del-pilar-torres-nieto,Facultad de Jurisprudencia,Profesor asociado de carrera,https://research-hub.urosario.edu.co/file/n14989/thumbnail_Cortes.jpg,johanna-del-pilar-torres-nieto,json_profesores/johanna-del-pilar-torres-nieto.json
Cortés Rodríguez,Angie Katherin,"Cortés Rodríguez, Angie Katherin",https://research-hub.urosario.edu.co/display/angie-katherin-cortes-rodriguez,Escuela de Medicina y Ciencias de la Salud,Docente clínico y de prácticas,https://research-hub.urosario.edu.co/file/n21342/thumbnail_silueta+mujer+hub.jpg,angie-katherin-cortes-rodriguez,json_profesores/angie-katherin-cortes-rodriguez.json
Cortés Sánchez,Julián David,"Cortés Sánchez, Julián David",https://research-hub.urosario.edu.co/display/julian-david-cortes-sanchez,Escuela de Administración,Director de Investigación,https://research-hub.urosario.edu.co/file/n10855/thumbnail_julian_cortes-2.jpg,julian-david-cortes-sanchez,json_profesores/julian-david-cortes-sanchez.json
Crispin Cruz,Dayna,"Crispin Cruz, Dayna",https://research-hub.urosario.edu.co/display/dayna-crispin-cruz,Escuela de Medicina y Ciencias de la Salud,Profesor mérito,https://research-hub.urosario.edu.co/file/n8195/thumbnail_DAYAN+CRUZ.jpg,dayna-crispin-cruz,json_profesores/dayna-crispin-cruz.json
Cruz Cuevas,Jose David,"Cruz Cuevas, Jose David",https://research-hub.urosario.edu.co/display/jose-david-cruz-cuevas,Escuela de Medicina y Ciencias de la Salud,Docente clínico y de prácticas,https://research-hub.urosario.edu.co/file/n16510/thumbnail_Captura+de+pantalla+2025-10-20+132946.jpg,jose-david-cruz-cuevas,json_profesores/jose-david-cruz-cuevas.json
Cruz Gayón,Andrés,"Cruz Gayón, Andrés",https://research-hub.urosario.edu.co/display/andres-cruz-gayon,Escuela de Medicina y Ciencias de la Salud,Instructor,https://research-hub.urosario.edu.co/file/n243/thumbnail_3713b16a-77e1-4483-84f2-05f0c0df1010.jpg,andres-cruz-gayon,json_profesores/andres-cruz-gayon.json
Cruz Reyes,Danna Lesley,"Cruz Reyes, Danna Lesley",https://research-hub.urosario.edu.co/display/danna-lesley-cruz-reyes,Escuela de Medicina y Ciencias de la Salud,Profesor asistente de carrera,https://research-hub.urosario.edu.co/file/n4520/thumbnail_Danna.jpg,danna-lesley-cruz-reyes,json_profesores/danna-lesley-cruz-reyes.json
Cruzado Jiménez,Jose Carlos,"Cruzado Jiménez, Jose Carlos",https://research-hub.urosario.edu.co/display/jose-carlos-cruzado-jimenez,Escuela de Ciencias e Ingeniería,Profesor cátedra posgrado,https://research-hub.urosario.edu.co/file/n10370/thumbnail_jose_cruzado.jpg,jose-carlos-cruzado-jimenez,json_profesores/jose-carlos-cruzado-jimenez.json
Cuero Acosta,Yonni Angel,"Cuero Acosta, Yonni Angel",https://research-hub.urosario.edu.co/display/yonni-angel-cuero-acosta,Escuela de Administración,Profesor asociado de carrera,https://research-hub.urosario.edu.co/file/n11738/thumbnail_Profe+Yoni.jpg,yonni-angel-cuero-acosta,json_profesores/yonni-angel-cuero-acosta.json
Cuervo Restrepo,Laura,"Cuervo Restrepo, Laura",https://research-hub.urosario.edu.co/display/laura-cuervo-restrepo,Facultad de Creación,Profesor de docencia y práctica,https://research-hub.urosario.edu.co/file/n12512/thumbnail_Laura+Cuervo+Restrepo.jpg,laura-cuervo-restrepo,json_profesores/laura-cuervo-restrepo.json
Cárdenas González,Andrea Lizeth,"Cárdenas González, Andrea Lizeth",https://research-hub.urosario.edu.co/display/andrea-lizeth-cardenas-gonzalez,Escuela de Medicina y Ciencias de la Salud,Instructor,https://research-hub.urosario.edu.co/file/n9263/thumbnail_Andrea+Lizeth+Cardenas+Gonzalez.jpg,andrea-lizeth-cardenas-gonzalez,json_profesores/andrea-lizeth-cardenas-gonzalez.json
Cárdenas Sandoval,Rosy Paola,"Cárdenas Sandoval, Rosy Paola",https://research-hub.urosario.edu.co/display/rosy-paola-cardenas-sandoval,Escuela de Medicina y Ciencias de la Salud,Profesor asistente de carrera,https://research-hub.urosario.edu.co/file/n3253/thumbnail_Cardenas.jpg,rosy-paola-cardenas-sandoval,json_profesores/rosy-paola-cardenas-sandoval.json
Céspedes Baez,Lina María,"Céspedes Baez, Lina María",https://research-hub.urosario.edu.co/display/lina-maria-cespedes-baez,Facultad de Jurisprudencia,Profesor titular de carrera,https://research-hub.urosario.edu.co/file/n11384/thumbnail_lina+maria+cespedes.jpg,lina-maria-cespedes-baez,json_profesores/lina-maria-cespedes-baez.json
Córdoba Rojas,Rodrigo Nel,"Córdoba Rojas, Rodrigo Nel",https://research-hub.urosario.edu.co/display/rodrigo-nel-cordoba-rojas,Escuela de Medicina y Ciencias de la Salud,Profesor auxiliar de carrera,https://research-hub.urosario.edu.co/file/n22574/thumbnail_nel+cordoba.jpg,rodrigo-nel-cordoba-rojas,json_profesores/rodrigo-nel-cordoba-rojas.json
Córdoba Salgado,Oscar Alejandro,"Córdoba Salgado, Oscar Alejandro",https://research-hub.urosario.edu.co/display/oscar-alejandro-cordoba-salgado,Escuela de Medicina y Ciencias de la Salud,Profesor principal de carrera,https://research-hub.urosario.edu.co/file/n22576/thumbnail_Profe+HUB.jpg,oscar-alejandro-cordoba-salgado,json_profesores/oscar-alejandro-cordoba-salgado.json
Daza Vergara,José Alejandro,"Daza Vergara, José Alejandro",https://research-hub.urosario.edu.co/display/jose-alejandro-daza-vergara,Escuela de Medicina y Ciencias de la Salud,Profesor mérito,https://research-hub.urosario.edu.co/file/n8659/thumbnail_Daza+Vergara%2C+Jos%C3%A9+Alejandro.jpg,jose-alejandro-daza-vergara,json_profesores/jose-alejandro-daza-vergara.json
De Bedout Herrera,Ramon,"De Bedout Herrera, Ramon",https://research-hub.urosario.edu.co/display/de-bedout-herrera-ramon,Escuela de Medicina y Ciencias de la Salud,Docente clínico y de prácticas,https://research-hub.urosario.edu.co/file/n5309/thumbnail_90D2F03E-2ECB-43D8-9C39-AC0698C5AE33-768x1024.jpg,de-bedout-herrera-ramon,json_profesores/de-bedout-herrera-ramon.json
De Gamboa Tapias,Camila,"De Gamboa Tapias, Camila",https://research-hub.urosario.edu.co/display/camila-de-gamboa-tapias,Facultad de Jurisprudencia,Directora Grupo de Investigación en Derechos Humanos,https://research-hub.urosario.edu.co/file/n6163/thumbnail_profesora+Camila.jpg,camila-de-gamboa-tapias,json_profesores/camila-de-gamboa-tapias.json
De La Torre Cifuentes,Ligia Alejandra,"De La Torre Cifuentes, Ligia Alejandra",https://research-hub.urosario.edu.co/display/ligia-alejandra-de-la-torre-cifuentes,Escuela de Medicina y Ciencias de la Salud,Profesor titular de carrera,https://research-hub.urosario.edu.co/file/n64762/thumbnail_de+la+Torre.jpg,ligia-alejandra-de-la-torre-cifuentes,json_profesores/ligia-alejandra-de-la-torre-cifuentes.json
Del Castillo Lezaca,Javier Fernando,"Del Castillo Lezaca, Javier Fernando",https://research-hub.urosario.edu.co/display/javier-fernando-del-castillo-lezaca,Escuela de Medicina y Ciencias de la Salud,Docente clínico y de prácticas,,javier-fernando-del-castillo-lezaca,json_profesores/javier-fernando-del-castillo-lezaca.json
Delgado Nieto,Elena Leonor,"Delgado Nieto, Elena Leonor",https://research-hub.urosario.edu.co/display/elena-leonor-delgado-nieto,Escuela de Medicina y Ciencias de la Salud,Profesor mérito,https://research-hub.urosario.edu.co/file/n8959/thumbnail_ELENA+DELGADO.jpg,elena-leonor-delgado-nieto,json_profesores/elena-leonor-delgado-nieto.json
Dennis Verano,Rodolfo Jose,"Dennis Verano, Rodolfo Jose",https://research-hub.urosario.edu.co/display/rodolfo-jose-dennis-verano,Escuela de Medicina y Ciencias de la Salud,Profesor adjunto,https://research-hub.urosario.edu.co/file/n9381/thumbnail_dennis+verano.jpg,rodolfo-jose-dennis-verano,json_profesores/rodolfo-jose-dennis-verano.json
Devis Morales,Andrea,"Devis Morales, Andrea",https://research-hub.urosario.edu.co/display/andrea-devis-morales,Escuela de Ciencias e Ingeniería,Profesor principal de carrera,https://research-hub.urosario.edu.co/file/n10005/thumbnail_devis+andrea.jpg,andrea-devis-morales,json_profesores/andrea-devis-morales.json
Diez Vargas,Mery Cecilia,"Diez Vargas, Mery Cecilia",https://research-hub.urosario.edu.co/display/mery-cecilia-diez-vargas,Facultad de Jurisprudencia,Profesor cátedra posgrado,https://research-hub.urosario.edu.co/file/n11026/thumbnail_cecilia+diez.jpg,mery-cecilia-diez-vargas,json_profesores/mery-cecilia-diez-vargas.json
Domínguez Domínguez,Camilo Alberto,"Domínguez Domínguez, Camilo Alberto",https://research-hub.urosario.edu.co/display/camilo-alberto-dominguez-dominguez,Escuela de Medicina y Ciencias de la Salud,Profesor auxiliar de carrera,https://research-hub.urosario.edu.co/file/n15468/thumbnail_Dominguez.jpg,camilo-alberto-dominguez-dominguez,json_profesores/camilo-alberto-dominguez-dominguez.json
Dottor Dotor,Lisbeth Liliana,"Dottor Dotor, Lisbeth Liliana",https://research-hub.urosario.edu.co/display/lisbeth-liliana-dottor-dotor,Escuela de Medicina y Ciencias de la Salud,Profesor auxiliar de carrera,https://research-hub.urosario.edu.co/file/n8215/thumbnail_Profe+Liliana.jpg,lisbeth-liliana-dottor-dotor,json_profesores/lisbeth-liliana-dottor-dotor.json
Duarte Valderrama,Adriana,"Duarte Valderrama, Adriana",https://research-hub.urosario.edu.co/display/adriana-duarte-valderrama,Escuela de Medicina y Ciencias de la Salud,Directora programa de Fonoaudiología,https://research-hub.urosario.edu.co/file/n7026/thumbnail_Adriana+Duarte+V.jpg,adriana-duarte-valderrama,json_profesores/adriana-duarte-valderrama.json
Durán Durán,Armando,"Durán Durán, Armando",https://research-hub.urosario.edu.co/display/armando-duran-duran,"Escuela de Estudios Sociales, Políticos e Internacionales",Profesor principal de carrera,https://research-hub.urosario.edu.co/file/n10567/thumbnail_Duran.jpg,armando-duran-duran,json_profesores/armando-duran-duran.json
Dániel Ramírez,Mario Gilberto,"Dániel Ramírez, Mario Gilberto",https://research-hub.urosario.edu.co/display/mario-gilberto-daniel-ramirez,Escuela de Medicina y Ciencias de la Salud,Docente clínico y de prácticas,,mario-gilberto-daniel-ramirez,json_profesores/mario-gilberto-daniel-ramirez.json
Díaz López,Daniel Orlando,"Díaz López, Daniel Orlando",https://research-hub.urosario.edu.co/display/daniel-orlando-diaz-lopez,Escuela de Ciencias e Ingeniería,Profesor principal de carrera,https://research-hub.urosario.edu.co/file/n1044/thumbnail_Daniel+Orlando+Diaz.jpg,daniel-orlando-diaz-lopez,json_profesores/daniel-orlando-diaz-lopez.json
Díaz Quiroz,Mateo Andrés,"Díaz Quiroz, Mateo Andrés",https://research-hub.urosario.edu.co/display/mateo-andres-diaz-quiroz,Escuela de Medicina y Ciencias de la Salud,Profesor de docencia,https://research-hub.urosario.edu.co/file/n11901/thumbnail_mateo_diaz_quiroz.jpg,mateo-andres-diaz-quiroz,json_profesores/mateo-andres-diaz-quiroz.json
Echavarría Niño,Stephany Johanna,"Echavarría Niño, Stephany Johanna",https://research-hub.urosario.edu.co/display/stephany-johanna-echavarria-nino,"Escuela de Estudios Sociales, Políticos e Internacionales",Profesor de docencia y práctica,https://research-hub.urosario.edu.co/file/n129/thumbnail_echavarria+stefania.jpg,stephany-johanna-echavarria-nino,json_profesores/stephany-johanna-echavarria-nino.json
Escobar Beltrán,Samuel Augusto,"Escobar Beltrán, Samuel Augusto",https://research-hub.urosario.edu.co/display/samuel-augusto-escobar-beltran,Facultad de Jurisprudencia,Director Criminología e Investigación Criminal,https://research-hub.urosario.edu.co/file/n9351/thumbnail_samuel-escobar-beltran-hub+ur.jpg,samuel-augusto-escobar-beltran,json_profesores/samuel-augusto-escobar-beltran.json
Escorcia Gómez,Diana Carolina,"Escorcia Gómez, Diana Carolina",https://research-hub.urosario.edu.co/display/diana-carolina-escorcia-gomez,Escuela de Medicina y Ciencias de la Salud,Instructor,https://research-hub.urosario.edu.co/file/n34707/thumbnail_silueta+mujer.jpg,diana-carolina-escorcia-gomez,json_profesores/diana-carolina-escorcia-gomez.json
Espinosa Aranzales,Ángela Fernanda,"Espinosa Aranzales, Ángela Fernanda",https://research-hub.urosario.edu.co/display/angela-fernanda-espinosa-aranzales,Escuela de Medicina y Ciencias de la Salud,Directora programa de Enfermería,https://research-hub.urosario.edu.co/file/n2468/thumbnail_angela-fernanda-espinoza-aranzales.jpg,angela-fernanda-espinosa-aranzales,json_profesores/angela-fernanda-espinosa-aranzales.json
Espinosa Moreno,Nubia Fernanda,"Espinosa Moreno, Nubia Fernanda",https://research-hub.urosario.edu.co/display/fernanda-espinosa-moreno,"Escuela de Estudios Sociales, Políticos e Internacionales",Profesor de docencia y práctica,https://research-hub.urosario.edu.co/file/n7324/thumbnail_nubia.jpg,fernanda-espinosa-moreno,json_profesores/fernanda-espinosa-moreno.json
Espinosa Méndez,Juan Carlos,"Espinosa Méndez, Juan Carlos",https://research-hub.urosario.edu.co/display/juan-carlos-espinosa-mendez,Escuela de Administración,Profesor asociado de carrera,https://research-hub.urosario.edu.co/file/n32086/thumbnail_Espinosa.jpg,juan-carlos-espinosa-mendez,json_profesores/juan-carlos-espinosa-mendez.json
Espitia Rojas,Gleidy Vanessa,"Espitia Rojas, Gleidy Vanessa",https://research-hub.urosario.edu.co/display/gleidy-vanessa-espitia-rojas,Escuela de Medicina y Ciencias de la Salud,Profesor asistente de carrera,https://research-hub.urosario.edu.co/file/n12155/thumbnail_Foto_Vannesa+Espitia+2.jpg,gleidy-vanessa-espitia-rojas,json_profesores/gleidy-vanessa-espitia-rojas.json
Estrada Bonilla,Marianella,"Estrada Bonilla, Marianella",https://research-hub.urosario.edu.co/display/marianella-estrada-bonilla,Escuela de Medicina y Ciencias de la Salud,Docente clínico y de prácticas,https://research-hub.urosario.edu.co/file/n61470/thumbnail_1755373443355.jpg,marianella-estrada-bonilla,json_profesores/marianella-estrada-bonilla.json
Estrada Villegas,Sergio,"Estrada Villegas, Sergio",https://research-hub.urosario.edu.co/display/sergio-estrada-villegas,Escuela de Ciencias e Ingeniería,Profesor principal de carrera,https://research-hub.urosario.edu.co/file/n3119/thumbnail_Foto+prof+Sergio+Estrada+Villegas.jpg,sergio-estrada-villegas,json_profesores/sergio-estrada-villegas.json
Fajardo Tiriath,Dalila Magdalena,"Fajardo Tiriath, Dalila Magdalena",https://research-hub.urosario.edu.co/display/dalila-magdalena-fajardo-tiriath,Escuela de Ciencias e Ingeniería,Profesor asistente de carrera,https://research-hub.urosario.edu.co/file/n31348/thumbnail_Fajardo.jpg,dalila-magdalena-fajardo-tiriath,json_profesores/dalila-magdalena-fajardo-tiriath.json
Fajardo Villafana,Amparo Arelis,"Fajardo Villafana, Amparo Arelis",https://research-hub.urosario.edu.co/display/amparo-arelis-fajardo-villafana,Escuela de Medicina y Ciencias de la Salud,Instructor,https://research-hub.urosario.edu.co/file/n12890/thumbnail_Fajardo+Villafana%2C+Amparo+Arelis.jpg,amparo-arelis-fajardo-villafana,json_profesores/amparo-arelis-fajardo-villafana.json
Farias Forero,Andrés Adán,"Farias Forero, Andrés Adán",https://research-hub.urosario.edu.co/display/andres-adan-farias-forero,Facultad de Creación,Director programa de Diseño,https://research-hub.urosario.edu.co/file/n28821/thumbnail_Adan+Farias.jpg,andres-adan-farias-forero,json_profesores/andres-adan-farias-forero.json
Fernández Hernández,Mónica,"Fernández Hernández, Mónica",https://research-hub.urosario.edu.co/display/monica-fernandez-hernandez,Escuela de Medicina y Ciencias de la Salud,Docente clínico y de prácticas,https://research-hub.urosario.edu.co/file/n1416/thumbnail_Captura+de+pantalla+2025-10-20+112141.jpg,monica-fernandez-hernandez,json_profesores/monica-fernandez-hernandez.json
Fernández Marín,Iris Leticia,"Fernández Marín, Iris Leticia",https://research-hub.urosario.edu.co/display/iris-leticia-fernandez-marin,"Escuela de Estudios Sociales, Políticos e Internacionales",Profesor cátedra posgrado,https://research-hub.urosario.edu.co/file/n13339/thumbnail_Fernandez+Marin%2C+Iris+Leticia.jpg,iris-leticia-fernandez-marin,json_profesores/iris-leticia-fernandez-marin.json
Fernández Mejía,Cristina,"Fernández Mejía, Cristina",https://research-hub.urosario.edu.co/display/cristina--fernandez-mejia,Facultad de Economía,Profesor adjunto,https://research-hub.urosario.edu.co/file/n1577/thumbnail_cristina_fernandez.jpg,cristina--fernandez-mejia,json_profesores/cristina--fernandez-mejia.json
Ferrer García,Jovelyn,"Ferrer García, Jovelyn",https://research-hub.urosario.edu.co/display/jovelyn-ferrer-garcia,Escuela de Administración,Profesor principal de carrera,https://research-hub.urosario.edu.co/file/n13283/thumbnail_ferrer+jovelyn.jpg,jovelyn-ferrer-garcia,json_profesores/jovelyn-ferrer-garcia.json
Ferro Rodríguez,Eugenio,"Ferro Rodríguez, Eugenio",https://research-hub.urosario.edu.co/display/eugenio-ferro-rodriguez,Escuela de Medicina y Ciencias de la Salud,Docente clínico y de prácticas,https://research-hub.urosario.edu.co/file/n5679/thumbnail_Captura+de+pantalla+2025-11-24+094134.jpg,eugenio-ferro-rodriguez,json_profesores/eugenio-ferro-rodriguez.json
Fierro Porto,Guido Alfonso,"Fierro Porto, Guido Alfonso",https://research-hub.urosario.edu.co/display/guido-alfonso-fierro-porto,Escuela de Medicina y Ciencias de la Salud,Docente clínico y de prácticas,https://research-hub.urosario.edu.co/file/n12181/thumbnail_thumbnail_photo-output.jpg,guido-alfonso-fierro-porto,json_profesores/guido-alfonso-fierro-porto.json
Figueroa García Herreros,Nicolás,"Figueroa García Herreros, Nicolás",https://research-hub.urosario.edu.co/display/nicolas-figueroa-garcia-herreros,Facultad de Jurisprudencia,Profesor principal de carrera,https://research-hub.urosario.edu.co/file/n3333/thumbnail_Figueroa.jpg,nicolas-figueroa-garcia-herreros,json_profesores/nicolas-figueroa-garcia-herreros.json
Firacative Ropero,Sandra Carolina,"Firacative Ropero, Sandra Carolina",https://research-hub.urosario.edu.co/display/sandra-carolina-firacative-ropero,Escuela de Medicina y Ciencias de la Salud,Profesor asociado de carrera,https://research-hub.urosario.edu.co/file/n21301/thumbnail_Firacative.jpg,sandra-carolina-firacative-ropero,json_profesores/sandra-carolina-firacative-ropero.json
Florez Peña,Edgar Germán,"Florez Peña, Edgar Germán",https://research-hub.urosario.edu.co/display/edgar-german-florez-pena,Escuela de Medicina y Ciencias de la Salud,Profesor mérito,,edgar-german-florez-pena,json_profesores/edgar-german-florez-pena.json
Flórez Acosta,Jorge Hernán,"Flórez Acosta, Jorge Hernán",https://research-hub.urosario.edu.co/display/jorge-hernan-florez-acosta,Facultad de Economía,Profesor de cátedra posgrado,https://research-hub.urosario.edu.co/file/n7188/thumbnail_florez+acosta.jpg,jorge-hernan-florez-acosta,json_profesores/jorge-hernan-florez-acosta.json
Flórez Cutiva,Max Alexander,"Flórez Cutiva, Max Alexander",https://research-hub.urosario.edu.co/display/max-alexander-florez-cutiva,Escuela de Medicina y Ciencias de la Salud,Docente clínico y de prácticas,,max-alexander-florez-cutiva,json_profesores/max-alexander-florez-cutiva.json
Fonseca Berrio,Andrés Fernando,"Fonseca Berrio, Andrés Fernando",https://research-hub.urosario.edu.co/display/andrÉs-fernando-fonseca-berrio,Facultad de Economía,Profesor de cátedra posgrado,https://research-hub.urosario.edu.co/file/n14391/thumbnail_andres+berrio.jpg,andrÉs-fernando-fonseca-berrio,json_profesores/andrÉs-fernando-fonseca-berrio.json
Fonseca Mendoza,Dora Janeth,"Fonseca Mendoza, Dora Janeth",https://research-hub.urosario.edu.co/display/dora-janeth-fonseca-mendoza,Escuela de Medicina y Ciencias de la Salud,Profesor titular de carrera,https://research-hub.urosario.edu.co/file/n7287/thumbnail_Captura+de+pantalla+2026-03-24+141553.jpg,dora-janeth-fonseca-mendoza,json_profesores/dora-janeth-fonseca-mendoza.json
Forero Parra,Michael Andrés,"Forero Parra, Michael Andrés",https://research-hub.urosario.edu.co/display/michael-andres-forero-parra,Facultad de Creación,Profesor principal de carrera,https://research-hub.urosario.edu.co/file/n2109/thumbnail_Michael+Andr%C3%A9s+Forero.jpg,michael-andres-forero-parra,json_profesores/michael-andres-forero-parra.json
Franchini,Matías Alejandro,"Franchini, Matías Alejandro",https://research-hub.urosario.edu.co/display/matias-alejandro-franchini,"Escuela de Estudios Sociales, Políticos e Internacionales",Profesor asociado de carrera,https://research-hub.urosario.edu.co/file/n1530/thumbnail_Franchini-Matias.jpg,matias-alejandro-franchini,json_profesores/matias-alejandro-franchini.json
Franco Franco,Carlos Alberto,"Franco Franco, Carlos Alberto",https://research-hub.urosario.edu.co/display/carlos-alberto-franco-franco,Escuela de Administración,Profesor adjunto,https://research-hub.urosario.edu.co/file/n17905/thumbnail_carlos+franco.jpg,carlos-alberto-franco-franco,json_profesores/carlos-alberto-franco-franco.json
Gaitán Bohórquez,Julio César,"Gaitán Bohórquez, Julio César",https://research-hub.urosario.edu.co/display/julio-cesar-gaitan-bohorquez,Facultad de Jurisprudencia,Profesor titular de carrera,https://research-hub.urosario.edu.co/file/n30975/thumbnail_Gaitan.jpg,julio-cesar-gaitan-bohorquez,json_profesores/julio-cesar-gaitan-bohorquez.json
Gaitán Gómez,Vanessa Eugenia,"Gaitán Gómez, Vanessa Eugenia",https://research-hub.urosario.edu.co/display/vanessa-eugenia-gaitan-gomez,Escuela de Medicina y Ciencias de la Salud,Instructor,https://research-hub.urosario.edu.co/file/n11583/thumbnail_VANESSA+GARCIA.jpg,vanessa-eugenia-gaitan-gomez,json_profesores/vanessa-eugenia-gaitan-gomez.json
Gaitán Martínez,José Alberto,"Gaitán Martínez, José Alberto",https://research-hub.urosario.edu.co/display/jose-alberto-gaitan-martinez,Facultad de Jurisprudencia,Profesor cátedra posgrado,https://research-hub.urosario.edu.co/file/n13236/thumbnail_jose+alberto+gaitan.jpg,jose-alberto-gaitan-martinez,json_profesores/jose-alberto-gaitan-martinez.json
Galindo Hernández,Carolina,"Galindo Hernández, Carolina",https://research-hub.urosario.edu.co/display/carolina-galindo-hernandez,"Escuela de Estudios Sociales, Políticos e Internacionales",Profesor asociado de carrera,https://research-hub.urosario.edu.co/file/n19580/thumbnail_carolina+galindo.jpg,carolina-galindo-hernandez,json_profesores/carolina-galindo-hernandez.json
Galindo Loza,Lina Marcela,"Galindo Loza, Lina Marcela",https://research-hub.urosario.edu.co/display/lina-marcela-galindo-loza,Facultad de Creación,Profesor de docencia y práctica,https://research-hub.urosario.edu.co/file/n7681/thumbnail_Foto+Lina+HUB2.jpg,lina-marcela-galindo-loza,json_profesores/lina-marcela-galindo-loza.json
Gallego Acevedo,Juan Miguel,"Gallego Acevedo, Juan Miguel",https://research-hub.urosario.edu.co/display/juan-miguel-gallego-acevedo,Vicerrectoría de Investigación,Director Investigación y Extensión,https://research-hub.urosario.edu.co/file/n10032/thumbnail_gallego.jpg,juan-miguel-gallego-acevedo,json_profesores/juan-miguel-gallego-acevedo.json
Galvis Echeverri,José Augusto,"Galvis Echeverri, José Augusto",https://research-hub.urosario.edu.co/display/jose-augusto-galvis-echeverri,Escuela de Ciencias e Ingeniería,Profesor principal de carrera,https://research-hub.urosario.edu.co/file/n15545/thumbnail_Galvis1.jpg,jose-augusto-galvis-echeverri,json_profesores/jose-augusto-galvis-echeverri.json
Galvis Malagón,María,"Galvis Malagón, María",https://research-hub.urosario.edu.co/display/maria-galvis-malagon,"Escuela de Estudios Sociales, Políticos e Internacionales",Profesor de docencia y práctica,https://research-hub.urosario.edu.co/file/n19207/thumbnail_Maria+Galvis+Malagon.jpg,maria-galvis-malagon,json_profesores/maria-galvis-malagon.json
Gaona Barbosa,Iván Augusto,"Gaona Barbosa, Iván Augusto",https://research-hub.urosario.edu.co/display/ivan-augusto-gaona-barbosa,Escuela de Medicina y Ciencias de la Salud,Docente clínico y de prácticas,https://research-hub.urosario.edu.co/file/n8562/thumbnail_thumbnail_Foto+perfil.jpg,ivan-augusto-gaona-barbosa,json_profesores/ivan-augusto-gaona-barbosa.json
García Botero,Héctor Andrés,"García Botero, Héctor Andrés",https://research-hub.urosario.edu.co/display/hector-andres-garcia-botero,"Escuela de Estudios Sociales, Políticos e Internacionales",Profesor asistente de carrera,https://research-hub.urosario.edu.co/file/n15700/thumbnail_hector-andres-garcia-botero-edit.jpg,hector-andres-garcia-botero,json_profesores/hector-andres-garcia-botero.json
García Galán,Adriana Del Pilar,"García Galán, Adriana Del Pilar",https://research-hub.urosario.edu.co/display/adriana-del-pilar-garcia-galan,Facultad de Creación,Directora programa de Arte,https://research-hub.urosario.edu.co/file/n16347/thumbnail_adriana-garcia-galan-96.jpg,adriana-del-pilar-garcia-galan,json_profesores/adriana-del-pilar-garcia-galan.json
García Laguna,Dayan Gabriela,"García Laguna, Dayan Gabriela",https://research-hub.urosario.edu.co/display/dayan-gabriela-garcia-laguna,Escuela de Medicina y Ciencias de la Salud,Profesor auxiliar de carrera,https://research-hub.urosario.edu.co/file/n6037/thumbnail_gabriela_laguna.jpg,dayan-gabriela-garcia-laguna,json_profesores/dayan-gabriela-garcia-laguna.json
García López,Luisa Fernanda,"García López, Luisa Fernanda",https://research-hub.urosario.edu.co/display/luisa-fernanda-garcia-lopez,Facultad de Jurisprudencia,Profesor principal de carrera,https://research-hub.urosario.edu.co/file/n16351/thumbnail_LUISA+FERNANDA.jpg,luisa-fernanda-garcia-lopez,json_profesores/luisa-fernanda-garcia-lopez.json
García Matamoros,Juana Laura Victoria,"García Matamoros, Juana Laura Victoria",https://research-hub.urosario.edu.co/display/juana-laura-victoria-garcia-matamoros,Facultad de Jurisprudencia,Profesor titular de carrera,https://research-hub.urosario.edu.co/file/n5815/thumbnail_laura+victoria+garcia.jpg,juana-laura-victoria-garcia-matamoros,json_profesores/juana-laura-victoria-garcia-matamoros.json
García Ortiz,Paula Andrea,"García Ortiz, Paula Andrea",https://research-hub.urosario.edu.co/display/paula-andrea-garcia-ortiz,Escuela de Administración,Profesor de docencia y práctica,https://research-hub.urosario.edu.co/file/n4360/thumbnail_Foto+profe+Paula+Garcia+EA.jpg,paula-andrea-garcia-ortiz,json_profesores/paula-andrea-garcia-ortiz.json
García Otálora,Michel Andrés,"García Otálora, Michel Andrés",https://research-hub.urosario.edu.co/display/michel-andres-garcia-otalora,Escuela de Medicina y Ciencias de la Salud,Profesor asociado de carrera,https://research-hub.urosario.edu.co/file/n9533/thumbnail_Garcia.jpg,michel-andres-garcia-otalora,json_profesores/michel-andres-garcia-otalora.json
García Ramírez,Diego Alonso,"García Ramírez, Diego Alonso",https://research-hub.urosario.edu.co/display/diego-alonso-garcia-ramirez,"Escuela de Estudios Sociales, Políticos e Internacionales",Profesor asociado de carrera,https://research-hub.urosario.edu.co/file/n4137/thumbnail_garcia+diego+alonso.jpg,diego-alonso-garcia-ramirez,json_profesores/diego-alonso-garcia-ramirez.json
García Sicard,Nadia,"García Sicard, Nadia",https://research-hub.urosario.edu.co/display/nadia-garcia-sicard,Decanatura del Medio Universitario,Profesor de docencia y práctica,https://research-hub.urosario.edu.co/file/n8584/thumbnail_Foto+Nadia.jpg,nadia-garcia-sicard,json_profesores/nadia-garcia-sicard.json
García Suaza,Andrés Felipe,"García Suaza, Andrés Felipe",https://research-hub.urosario.edu.co/display/andres-felipe-garcia-suaza,Facultad de Economía,Decano,https://research-hub.urosario.edu.co/file/n11711/thumbnail_DAndres1.jpg,andres-felipe-garcia-suaza,json_profesores/andres-felipe-garcia-suaza.json
Garrido Ríos,Diógenes Alexander,"Garrido Ríos, Diógenes Alexander",https://research-hub.urosario.edu.co/display/diogenes-alexander-garrido-rios,Escuela de Ciencias e Ingeniería,Profesor principal de carrera,https://research-hub.urosario.edu.co/file/n10316/thumbnail_garrido+diogenes.jpg,diogenes-alexander-garrido-rios,json_profesores/diogenes-alexander-garrido-rios.json
Garzón Díaz,Andrea,"Garzón Díaz, Andrea",https://research-hub.urosario.edu.co/display/andrea-garzon-diaz,Escuela de Medicina y Ciencias de la Salud,Instructor,https://research-hub.urosario.edu.co/file/n3798/thumbnail_silueta+mujer.jpg,andrea-garzon-diaz,json_profesores/andrea-garzon-diaz.json
Garzón Díaz,Karim Del Rocio,"Garzón Díaz, Karim Del Rocio",https://research-hub.urosario.edu.co/display/karim-del-rocio-garzon-diaz,Escuela de Medicina y Ciencias de la Salud,Profesor asociado de carrera,https://research-hub.urosario.edu.co/file/n31239/thumbnail_Garzon.jpg,karim-del-rocio-garzon-diaz,json_profesores/karim-del-rocio-garzon-diaz.json
Gaviria Carrillo,Mariana,"Gaviria Carrillo, Mariana",https://research-hub.urosario.edu.co/display/mariana-gaviria-carrillo,Escuela de Medicina y Ciencias de la Salud,Profesor principal de carrera,https://research-hub.urosario.edu.co/file/n5708/thumbnail_MARIANA_GAVIRIA_EMCS.jpg,mariana-gaviria-carrillo,json_profesores/mariana-gaviria-carrillo.json
Gil Calderon,Diana Rocio,"Gil Calderon, Diana Rocio",https://research-hub.urosario.edu.co/display/diana-rocio-gil-calderon,Escuela de Medicina y Ciencias de la Salud,Docente clínico y de prácticas,https://research-hub.urosario.edu.co/file/n9816/thumbnail_1678157596246.jpg,diana-rocio-gil-calderon,json_profesores/diana-rocio-gil-calderon.json
Giraldo Ospina,Diego Alejandro,"Giraldo Ospina, Diego Alejandro",https://research-hub.urosario.edu.co/display/diego-alejandro-giraldo-ospina,Facultad de Creación,Profesor de docencia y práctica,https://research-hub.urosario.edu.co/file/n14724/thumbnail_Foto+profe+Diego+Giraldo+Facrea.jpg,diego-alejandro-giraldo-ospina,json_profesores/diego-alejandro-giraldo-ospina.json
Giraldo Villamil,Juliana María,"Giraldo Villamil, Juliana María",https://research-hub.urosario.edu.co/display/juliana-maria-giraldo-villamil,Escuela de Medicina y Ciencias de la Salud,Docente clínico y de prácticas,https://research-hub.urosario.edu.co/file/n3444/thumbnail_Captura+de+pantalla+2025-11-26+105444.jpg,juliana-maria-giraldo-villamil,json_profesores/juliana-maria-giraldo-villamil.json
González Becerra,Diego Fernando,"González Becerra, Diego Fernando",https://research-hub.urosario.edu.co/display/diego-fernando-gonzalez-becerra,Escuela de Medicina y Ciencias de la Salud,Docente clínico,https://research-hub.urosario.edu.co/file/n31128/thumbnail_Dr.+Diego+Fernando+Gonzalez+Becerra+Medicina+de+emergencias.jpg,diego-fernando-gonzalez-becerra,json_profesores/diego-fernando-gonzalez-becerra.json
González Chávez,Raúl Ernesto,"González Chávez, Raúl Ernesto",https://research-hub.urosario.edu.co/display/raul-ernesto-gonzalez-chavez,Escuela de Medicina y Ciencias de la Salud,Profesor mérito,https://research-hub.urosario.edu.co/file/n21095/thumbnail_RAUL+GONZALEZ.jpg,raul-ernesto-gonzalez-chavez,json_profesores/raul-ernesto-gonzalez-chavez.json
González García,Mauricio,"González García, Mauricio",https://research-hub.urosario.edu.co/display/mauricio-gonzalez-garcia,Escuela de Medicina y Ciencias de la Salud,Profesor mérito,,mauricio-gonzalez-garcia,json_profesores/mauricio-gonzalez-garcia.json
González Morales,Claudia Lucía,"González Morales, Claudia Lucía",https://research-hub.urosario.edu.co/display/claudia-lucia-gonzalez-morales,Escuela de Medicina y Ciencias de la Salud,Docente clínico y de prácticas,https://research-hub.urosario.edu.co/file/n2120/thumbnail_FOTO+CLAUDIA+GONZALEZ.jpg,claudia-lucia-gonzalez-morales,json_profesores/claudia-lucia-gonzalez-morales.json
González Reyes,Rodrigo Esteban,"González Reyes, Rodrigo Esteban",https://research-hub.urosario.edu.co/display/rodrigo-esteban-gonzalez-reyes,Escuela de Medicina y Ciencias de la Salud,Profesor asociado de carrera,https://research-hub.urosario.edu.co/file/n15555/thumbnail_Gonzalez.jpg,rodrigo-esteban-gonzalez-reyes,json_profesores/rodrigo-esteban-gonzalez-reyes.json
González Rodríguez,David Felipe,"González Rodríguez, David Felipe",https://research-hub.urosario.edu.co/display/david-felipe-gonzalez-rodriguez,Escuela de Ciencias e Ingeniería,Profesor principal de carrera,https://research-hub.urosario.edu.co/file/n2547/thumbnail_david_gonzalez.jpg,david-felipe-gonzalez-rodriguez,json_profesores/david-felipe-gonzalez-rodriguez.json
González Rodríguez,David Roberto,"González Rodríguez, David Roberto",https://research-hub.urosario.edu.co/display/david-roberto-gonzalez-rodriguez,Decanatura del Medio Universitario,Profesor de cátedra posgrado,https://research-hub.urosario.edu.co/file/n7755/thumbnail_Foto+David.jpg,david-roberto-gonzalez-rodriguez,json_profesores/david-roberto-gonzalez-rodriguez.json
González Rodríguez,Javier Leonardo,"González Rodríguez, Javier Leonardo",https://research-hub.urosario.edu.co/display/javier-leonardo-gonzalez-rodriguez,Escuela de Administración,Profesor adjunto,https://research-hub.urosario.edu.co/file/n83547/thumbnail_Gonzalez.jpg,javier-leonardo-gonzalez-rodriguez,json_profesores/javier-leonardo-gonzalez-rodriguez.json
Granados León,María Viviana,"Granados León, María Viviana",https://research-hub.urosario.edu.co/display/maria-viviana-granados-leon,Escuela de Ciencias e Ingeniería,Profesor adjunto,https://research-hub.urosario.edu.co/file/n79/thumbnail_maria-viviana-granados.jpg,maria-viviana-granados-leon,json_profesores/maria-viviana-granados-leon.json
Grueso Hinestroza,Merlin Patricia,"Grueso Hinestroza, Merlin Patricia",https://research-hub.urosario.edu.co/display/merlin-patricia-grueso-hinestroza,Escuela de Administración,Profesor titular de carrera,https://research-hub.urosario.edu.co/file/n348/thumbnail_Grueso.jpg,merlin-patricia-grueso-hinestroza,json_profesores/merlin-patricia-grueso-hinestroza.json
Guarín Crispín,Juan Fernando,"Guarín Crispín, Juan Fernando",https://research-hub.urosario.edu.co/display/juan-fernando-guarin-crispin,Escuela de Medicina y Ciencias de la Salud,Profesor de docencia y práctica,https://research-hub.urosario.edu.co/file/n23182/thumbnail_WhatsApp+Image+2025-10-22+at+11.34.49+AM.jpg,juan-fernando-guarin-crispin,json_profesores/juan-fernando-guarin-crispin.json
Guerrero Becerra,Albert Franz,"Guerrero Becerra, Albert Franz",https://research-hub.urosario.edu.co/display/albert-franz-guerrero-becerra,Escuela de Medicina y Ciencias de la Salud,Docente clínico y de prácticas,https://research-hub.urosario.edu.co/file/n8416/thumbnail_WhatsApp+Image+2026-04-10+at+8.37.34+AM+%281%29.jpg,albert-franz-guerrero-becerra,json_profesores/albert-franz-guerrero-becerra.json
Guerrero Bernal,Juan Carlos de León,"Guerrero Bernal, Juan Carlos de León",https://research-hub.urosario.edu.co/display/juan-carlos-de-leon-guerrero-bernal,"Escuela de Estudios Sociales, Políticos e Internacionales",Profesor asociado de carrera,https://research-hub.urosario.edu.co/file/n8091/thumbnail_Guerrero.jpg,juan-carlos-de-leon-guerrero-bernal,json_profesores/juan-carlos-de-leon-guerrero-bernal.json
Guerrero Vargas,José Alejandro,"Guerrero Vargas, José Alejandro",https://research-hub.urosario.edu.co/display/jose-alejandro-guerrero-vargas,Escuela de Ciencias e Ingeniería,Profesor principal de carrera,https://research-hub.urosario.edu.co/file/n9430/thumbnail_Jose-Guerrero-Vargas-2.jpg,jose-alejandro-guerrero-vargas,json_profesores/jose-alejandro-guerrero-vargas.json
Guglielmucci,Ana,"Guglielmucci, Ana",https://research-hub.urosario.edu.co/display/ana-guglielmucci,"Escuela de Estudios Sociales, Políticos e Internacionales",Profesor principal de carrera,https://research-hub.urosario.edu.co/file/n6682/thumbnail_ana-guglielmucci-edit.jpg,ana-guglielmucci,json_profesores/ana-guglielmucci.json
Guio Hernández,Sandra Milena,"Guio Hernández, Sandra Milena",https://research-hub.urosario.edu.co/display/sandra-milena-guio-hernandez,Escuela de Medicina y Ciencias de la Salud,Docente clínico y de prácticas,https://research-hub.urosario.edu.co/file/n30339/thumbnail_Captura+de+pantalla+2025-11-24+105550.jpg,sandra-milena-guio-hernandez,json_profesores/sandra-milena-guio-hernandez.json
Gutiérrez Cáceres,Claudia Marcela,"Gutiérrez Cáceres, Claudia Marcela",https://research-hub.urosario.edu.co/display/claudia-marcela--gutierrez-caceres,Escuela de Medicina y Ciencias de la Salud,Profesor asistente de carrera,https://research-hub.urosario.edu.co/file/n28524/thumbnail_caseres.jpg,claudia-marcela--gutierrez-caceres,json_profesores/claudia-marcela--gutierrez-caceres.json
Gutiérrez Peláez,Miguel,"Gutiérrez Peláez, Miguel",https://research-hub.urosario.edu.co/display/miguel-gutierrez-pelaez,Escuela de Medicina y Ciencias de la Salud,Profesor titular de carrera,https://research-hub.urosario.edu.co/file/n4180/thumbnail_79943636.jpg,miguel-gutierrez-pelaez,json_profesores/miguel-gutierrez-pelaez.json
Gutiérrez Ramírez,Luis Hernando,"Gutiérrez Ramírez, Luis Hernando",https://research-hub.urosario.edu.co/display/luis-hernando-gutierrez-ramirez,Facultad de Economía,Profesor adjunto,https://research-hub.urosario.edu.co/file/n642/thumbnail_Luis+Hernando+Guti%C3%A9rrez+Ram%C3%ADrez.jpg,luis-hernando-gutierrez-ramirez,json_profesores/luis-hernando-gutierrez-ramirez.json
Gutiérrez Soriano,Laura Patricia,"Gutiérrez Soriano, Laura Patricia",https://research-hub.urosario.edu.co/display/laura-patricia-gutierrez-soriano,Escuela de Medicina y Ciencias de la Salud,Docente clínico y de prácticas,https://research-hub.urosario.edu.co/file/n24969/thumbnail_1705749948608.jpg,laura-patricia-gutierrez-soriano,json_profesores/laura-patricia-gutierrez-soriano.json
Guzmán Díaz,Ana María,"Guzmán Díaz, Ana María",https://research-hub.urosario.edu.co/display/ana-maria-guzman-diaz,Escuela de Medicina y Ciencias de la Salud,Docente clínico y de prácticas,https://research-hub.urosario.edu.co/file/n41505/thumbnail_Captura+de+pantalla+2025-12-17+133417.jpg,ana-maria-guzman-diaz,json_profesores/ana-maria-guzman-diaz.json
Guzmán Jiménez,Yuliana,"Guzmán Jiménez, Yuliana",https://research-hub.urosario.edu.co/display/yuliana-guzman-jimenez,Escuela de Medicina y Ciencias de la Salud,Profesor de docencia y práctica,https://research-hub.urosario.edu.co/file/n7223/thumbnail_IMG_8125v.2.jpg,yuliana-guzman-jimenez,json_profesores/yuliana-guzman-jimenez.json
Guzmán Mesa,Daniel Felipe,"Guzmán Mesa, Daniel Felipe",https://research-hub.urosario.edu.co/display/daniel-felipe-guzman-mesa,Escuela de Medicina y Ciencias de la Salud,Docente clínico y de prácticas,,daniel-felipe-guzman-mesa,json_profesores/daniel-felipe-guzman-mesa.json
Gómez Aroca,Ana María,"Gómez Aroca, Ana María",https://research-hub.urosario.edu.co/display/ana-maria-gomez-aroca,Escuela de Medicina y Ciencias de la Salud,Profesor de docencia y práctica,https://research-hub.urosario.edu.co/file/n19619/thumbnail_ana+maria+gomez.jpg,ana-maria-gomez-aroca,json_profesores/ana-maria-gomez-aroca.json
Gómez Carvajal,Ana María,"Gómez Carvajal, Ana María",https://research-hub.urosario.edu.co/display/ana-maria-gomez-carvajal,Escuela de Medicina y Ciencias de la Salud,Profesor asistente de carrera,https://research-hub.urosario.edu.co/file/n12347/thumbnail_ana+gomez.jpg,ana-maria-gomez-carvajal,json_profesores/ana-maria-gomez-carvajal.json
Gómez Córdoba,Ana Isabel,"Gómez Córdoba, Ana Isabel",https://research-hub.urosario.edu.co/display/ana-isabel-gomez-cordoba,Facultad de Jurisprudencia,Rectora,https://research-hub.urosario.edu.co/file/n6000/thumbnail_ana+isabel+gomez.jpg,ana-isabel-gomez-cordoba,json_profesores/ana-isabel-gomez-cordoba.json
Gómez Galán,Sebastián,"Gómez Galán, Sebastián",https://research-hub.urosario.edu.co/display/sebastian-gomez-galan,Escuela de Medicina y Ciencias de la Salud,Docente clínico y de prácticas,https://research-hub.urosario.edu.co/file/n14745/thumbnail_Captura+de+pantalla+2025-10-27+103927.jpg,sebastian-gomez-galan,json_profesores/sebastian-gomez-galan.json
Gómez Giraldo,Beatriz Lucía,"Gómez Giraldo, Beatriz Lucía",https://research-hub.urosario.edu.co/display/beatriz-lucia-gomez-giraldo,Escuela de Medicina y Ciencias de la Salud,Profesor adjunto,https://research-hub.urosario.edu.co/file/n11445/thumbnail_Gomez.jpg,beatriz-lucia-gomez-giraldo,json_profesores/beatriz-lucia-gomez-giraldo.json
Gómez Gómez,Milton Darío,"Gómez Gómez, Milton Darío",https://research-hub.urosario.edu.co/display/milton-dario-gomez-gomez,Escuela de Medicina y Ciencias de la Salud,Docente clínico y de prácticas,https://research-hub.urosario.edu.co/file/n4002/thumbnail_Captura+de+pantalla+2025-12-17+141203.jpg,milton-dario-gomez-gomez,json_profesores/milton-dario-gomez-gomez.json
Gómez López,Efraín Alonso,"Gómez López, Efraín Alonso",https://research-hub.urosario.edu.co/display/efrain-gomez-lopez,Escuela de Medicina y Ciencias de la Salud,Docente clínico y de prácticas,https://research-hub.urosario.edu.co/file/n14347/thumbnail_dr-efrain+%281%29.jpg,efrain-gomez-lopez,json_profesores/efrain-gomez-lopez.json
Gómez Mejía,Claudia,"Gómez Mejía, Claudia",https://research-hub.urosario.edu.co/display/claudia-gomez-mejia,Facultad de Creación,Profesor de docencia y práctica,https://research-hub.urosario.edu.co/file/n12576/thumbnail_Captura+de+pantalla+2026-01-26+122201.jpg,claudia-gomez-mejia,json_profesores/claudia-gomez-mejia.json
Gómez Nieto,Graciela,"Gómez Nieto, Graciela",https://research-hub.urosario.edu.co/display/graciela-gomez-nieto,Escuela de Medicina y Ciencias de la Salud,Instructor,https://research-hub.urosario.edu.co/file/n5076/thumbnail_silueta+mujer.jpg,graciela-gomez-nieto,json_profesores/graciela-gomez-nieto.json
Gómez Rey,Andrés,"Gómez Rey, Andrés",https://research-hub.urosario.edu.co/display/andres-gomez-rey,Facultad de Jurisprudencia,Profesor asociado de carrera,https://research-hub.urosario.edu.co/file/n4130/thumbnail_Rey.jpg,andres-gomez-rey,json_profesores/andres-gomez-rey.json
Gómez Rincón,Carlos Miguel,"Gómez Rincón, Carlos Miguel",https://research-hub.urosario.edu.co/display/carlos-miguel-gomez-rincon,"Escuela de Estudios Sociales, Políticos e Internacionales",Profesor asociado de carrera,https://research-hub.urosario.edu.co/file/n1617/thumbnail_ciencias-humanas.jpg,carlos-miguel-gomez-rincon,json_profesores/carlos-miguel-gomez-rincon.json
Gómez Rodríguez,Andrea,"Gómez Rodríguez, Andrea",https://research-hub.urosario.edu.co/display/andrea-gomez-rodriguez,Escuela de Medicina y Ciencias de la Salud,Docente clínico y de prácticas,https://research-hub.urosario.edu.co/file/n24547/thumbnail_Captura+de+pantalla+2025-11-18+144516.jpg,andrea-gomez-rodriguez,json_profesores/andrea-gomez-rodriguez.json
Gómez Zapata,Paula Andrea,"Gómez Zapata, Paula Andrea",https://research-hub.urosario.edu.co/display/paula-andrea-gomez-zapata,Escuela de Medicina y Ciencias de la Salud,Docente clínico y de prácticas,https://research-hub.urosario.edu.co/file/n20479/thumbnail_silueta+mujer+hub.jpg,paula-andrea-gomez-zapata,json_profesores/paula-andrea-gomez-zapata.json
Hantson,Stijn Erik R,"Hantson, Stijn Erik R",https://research-hub.urosario.edu.co/display/stijn-erik-r-hantson,Escuela de Ciencias e Ingeniería,Profesor asociado de carrera,https://research-hub.urosario.edu.co/file/n7221/thumbnail_Stijn_Hantson_UR.jpg,stijn-erik-r-hantson,json_profesores/stijn-erik-r-hantson.json
Herazo Cubillos,Andrés Felipe,"Herazo Cubillos, Andrés Felipe",https://research-hub.urosario.edu.co/display/andres-felipe-herazo-cubillos,Escuela de Medicina y Ciencias de la Salud,Docente clínico y de prácticas,https://research-hub.urosario.edu.co/file/n6959/thumbnail_Andres-Herazo-Cubillos.jpg,andres-felipe-herazo-cubillos,json_profesores/andres-felipe-herazo-cubillos.json
Hernandez Ramirez,Diana Alejandra,"Hernandez Ramirez, Diana Alejandra",https://research-hub.urosario.edu.co/display/diana-alejandra-hernandez-ramirez,Escuela de Medicina y Ciencias de la Salud,Docente clínico y de prácticas,https://research-hub.urosario.edu.co/file/n32545/thumbnail_481d44015af69dd0a57bbde3240bb09f.jpg,diana-alejandra-hernandez-ramirez,json_profesores/diana-alejandra-hernandez-ramirez.json
Hernández Borja,Odismar Andrea,"Hernández Borja, Odismar Andrea",https://research-hub.urosario.edu.co/display/odismar-andrea-hernandez-borja,Escuela de Medicina y Ciencias de la Salud,Docente clínico y de prácticas,https://research-hub.urosario.edu.co/file/n47717/thumbnail_Captura+de+pantalla+2025-12-17+111507.jpg,odismar-andrea-hernandez-borja,json_profesores/odismar-andrea-hernandez-borja.json
Hernández González,Mauricio,"Hernández González, Mauricio",https://research-hub.urosario.edu.co/display/mauricio-hernandez-gonzalez,"Escuela de Estudios Sociales, Políticos e Internacionales",Profesor cátedra posgrado,https://research-hub.urosario.edu.co/file/n12657/thumbnail_mhcv.jpg,mauricio-hernandez-gonzalez,json_profesores/mauricio-hernandez-gonzalez.json
Hernández Lizarazo,Wilmer Alexander,"Hernández Lizarazo, Wilmer Alexander",https://research-hub.urosario.edu.co/display/wilmer-alexander-hernandez-lizarazo,Escuela de Medicina y Ciencias de la Salud,Docente clínico y de prácticas,https://research-hub.urosario.edu.co/file/n5925/thumbnail_photo-12690-1685989906.jpg,wilmer-alexander-hernandez-lizarazo,json_profesores/wilmer-alexander-hernandez-lizarazo.json
Hernández Medina,Natalia,"Hernández Medina, Natalia",https://research-hub.urosario.edu.co/display/natalia-hernandez-medina,Escuela de Medicina y Ciencias de la Salud,Docente clínico y de prácticas,https://research-hub.urosario.edu.co/file/n7091/thumbnail_silueta+mujer+hub.jpg,natalia-hernandez-medina,json_profesores/natalia-hernandez-medina.json
Hernández Villarreal,Gabriel,"Hernández Villarreal, Gabriel",https://research-hub.urosario.edu.co/display/gabriel-angel-hernandez-villarreal,Facultad de Jurisprudencia,Profesor auxiliar de carrera,https://research-hub.urosario.edu.co/file/n10909/thumbnail_Gabriel-H.jpg,gabriel-angel-hernandez-villarreal,json_profesores/gabriel-angel-hernandez-villarreal.json
Hernández Zambrano,David,"Hernández Zambrano, David",https://research-hub.urosario.edu.co/display/david-hernandez-zambrano,"Escuela de Estudios Sociales, Políticos e Internacionales",Profesor de docencia y práctica,https://research-hub.urosario.edu.co/file/n8297/thumbnail_david-hernandez-zambrano.jpg,david-hernandez-zambrano,json_profesores/david-hernandez-zambrano.json
Herrera Romero,Wilson Ricardo,"Herrera Romero, Wilson Ricardo",https://research-hub.urosario.edu.co/display/wilson-ricardo-herrera-romero,"Escuela de Estudios Sociales, Políticos e Internacionales",Profesor titular de carrera,https://research-hub.urosario.edu.co/file/n72/thumbnail_wilson+herrera.jpg,wilson-ricardo-herrera-romero,json_profesores/wilson-ricardo-herrera-romero.json
Herrera Sánchez,Omar Ricardo,"Herrera Sánchez, Omar Ricardo",https://research-hub.urosario.edu.co/display/omar-ricardo-herrera-sanchez,Escuela de Medicina y Ciencias de la Salud,Docente clínico y de prácticas,https://research-hub.urosario.edu.co/file/n10604/thumbnail_Dr.-Omar-Ricardo-Herrera-Sanchez-500x500.jpg,omar-ricardo-herrera-sanchez,json_profesores/omar-ricardo-herrera-sanchez.json
Herreño Mogollón,Smilsen Angélica,"Herreño Mogollón, Smilsen Angélica",https://research-hub.urosario.edu.co/display/smilsen-angelica-herreno-mogollon,Escuela de Medicina y Ciencias de la Salud,Profesor auxiliar de carrera,https://research-hub.urosario.edu.co/file/n1777/thumbnail_angelica+mogollon.jpg,smilsen-angelica-herreno-mogollon,json_profesores/smilsen-angelica-herreno-mogollon.json
Huérfano Castro,Manuel Alejandro,"Huérfano Castro, Manuel Alejandro",https://research-hub.urosario.edu.co/display/manuel-alejandro-huerfano-castro,Escuela de Medicina y Ciencias de la Salud,Docente clínico y de prácticas,,manuel-alejandro-huerfano-castro,json_profesores/manuel-alejandro-huerfano-castro.json
Iregui Parra,Paola Marcela,"Iregui Parra, Paola Marcela",https://research-hub.urosario.edu.co/display/paola-marcela-iregui-parra,Facultad de Jurisprudencia,Profesor principal de carrera,https://research-hub.urosario.edu.co/file/n16855/thumbnail_paola_iregui.jpg,paola-marcela-iregui-parra,json_profesores/paola-marcela-iregui-parra.json
Isaza Restrepo,Andrés,"Isaza Restrepo, Andrés",https://research-hub.urosario.edu.co/display/andres-isaza-restrepo,Escuela de Medicina y Ciencias de la Salud,Profesor titular de carrera,https://research-hub.urosario.edu.co/file/n15355/thumbnail_Isaza.jpg,andres-isaza-restrepo,json_profesores/andres-isaza-restrepo.json
Izquierdo Sarmiento,Carolina,"Izquierdo Sarmiento, Carolina",https://research-hub.urosario.edu.co/display/carolina-izquierdo-sarmiento,Facultad de Creación,Profesor de docencia y práctica,https://research-hub.urosario.edu.co/file/n1931/thumbnail_Carolina+Izquierdo+Sarmiento.jpg,carolina-izquierdo-sarmiento,json_profesores/carolina-izquierdo-sarmiento.json
Jaramillo Herrera,Christian Rafael,"Jaramillo Herrera, Christian Rafael",https://research-hub.urosario.edu.co/display/christian-rafael-jaramillo-herrera,Facultad de Economía,Profesor de cátedra posgrado,https://research-hub.urosario.edu.co/file/n191059/thumbnail_Jaramillo+Herrera%2C+Christian+Rafael.jpg,christian-rafael-jaramillo-herrera,json_profesores/christian-rafael-jaramillo-herrera.json
Jaramillo Isaza,Jonnier Sebastián,"Jaramillo Isaza, Jonnier Sebastián",https://research-hub.urosario.edu.co/display/jonnier-sebastian-jaramillo-isaza,Escuela de Medicina y Ciencias de la Salud,Director programa de Ingeniería Biomédica,https://research-hub.urosario.edu.co/file/n13354/thumbnail_jaramillo+isaza.jpg,jonnier-sebastian-jaramillo-isaza,json_profesores/jonnier-sebastian-jaramillo-isaza.json
Jaramillo Jassir,Iván Daniel,"Jaramillo Jassir, Iván Daniel",https://research-hub.urosario.edu.co/display/ivan-daniel-jaramillo-jassir,Facultad de Jurisprudencia,Profesor titular de carrera,https://research-hub.urosario.edu.co/file/n3607/thumbnail_Jaramillo.jpg,ivan-daniel-jaramillo-jassir,json_profesores/ivan-daniel-jaramillo-jassir.json
Jaramillo Jassir,Mauricio,"Jaramillo Jassir, Mauricio",https://research-hub.urosario.edu.co/display/mauricio-jaramillo-jassir,"Escuela de Estudios Sociales, Políticos e Internacionales",Profesor asociado de carrera,https://research-hub.urosario.edu.co/file/n5414/thumbnail_Jaramillo.jpg,mauricio-jaramillo-jassir,json_profesores/mauricio-jaramillo-jassir.json
Jiménez Arbeláez,María  del Pilar,"Jiménez Arbeláez, María  del Pilar",https://research-hub.urosario.edu.co/display/maria-del-pilar-jimenez-arbelaez,Escuela de Medicina y Ciencias de la Salud,Docente clínico y de prácticas,https://research-hub.urosario.edu.co/file/n34329/thumbnail_pilar+arbelaez.jpg,maria-del-pilar-jimenez-arbelaez,json_profesores/maria-del-pilar-jimenez-arbelaez.json
Jiménez Chaves,Yolima Alexandra,"Jiménez Chaves, Yolima Alexandra",https://research-hub.urosario.edu.co/display/yolima-alexandra-jimenez-chaves,Escuela de Medicina y Ciencias de la Salud,Profesor mérito,https://research-hub.urosario.edu.co/file/n3143/thumbnail_Jim%C3%A9nez+Chaves%2C+Yolima+Alexandra.jpg,yolima-alexandra-jimenez-chaves,json_profesores/yolima-alexandra-jimenez-chaves.json
Jiménez Hernández,Mario Fernando,"Jiménez Hernández, Mario Fernando",https://research-hub.urosario.edu.co/display/mario-fernando-jimenez-hernandez,Escuela de Ciencias e Ingeniería,Profesor principal de carrera,https://research-hub.urosario.edu.co/file/n576/thumbnail_mario+fernando.jpg,mario-fernando-jimenez-hernandez,json_profesores/mario-fernando-jimenez-hernandez.json
Jiménez Tobón,Guillermo Antonio,"Jiménez Tobón, Guillermo Antonio",https://research-hub.urosario.edu.co/display/guillermo-antonio-jimenez-tobon,Escuela de Medicina y Ciencias de la Salud,Profesor principal de carrera,https://research-hub.urosario.edu.co/file/n2321/thumbnail_guillermo-antonio-jimenez-tobon.jpg,guillermo-antonio-jimenez-tobon,json_profesores/guillermo-antonio-jimenez-tobon.json
Jiménez Ángel,Andrés,"Jiménez Ángel, Andrés",https://research-hub.urosario.edu.co/display/andres-jimenez-angel,"Escuela de Estudios Sociales, Políticos e Internacionales",Profesor asociado de carrera,https://research-hub.urosario.edu.co/file/n17738/thumbnail_Jimenez.jpg,andres-jimenez-angel,json_profesores/andres-jimenez-angel.json
Kayi,Cagatay,"Kayi, Cagatay",https://research-hub.urosario.edu.co/display/cagatay-kayi,Facultad de Economía,Profesor asociado de carrera,https://research-hub.urosario.edu.co/file/n9962/thumbnail_Kayi.jpg,cagatay-kayi,json_profesores/cagatay-kayi.json
Kraaijenbrink Steenbergen,Ranco Paul,"Kraaijenbrink Steenbergen, Ranco Paul",https://research-hub.urosario.edu.co/display/ranco-paul-kraaijenbrink-steenbergen,Escuela de Administración,Profesor adjunto,https://research-hub.urosario.edu.co/file/n5611/thumbnail_ranco-paul-kraaijenbrink-steenbergen.jpg,ranco-paul-kraaijenbrink-steenbergen,json_profesores/ranco-paul-kraaijenbrink-steenbergen.json
Lacouture Suárez,Juan David,"Lacouture Suárez, Juan David",https://research-hub.urosario.edu.co/display/juan-david-lacouture-suarez,Escuela de Medicina y Ciencias de la Salud,Docente clínico y de prácticas,https://research-hub.urosario.edu.co/file/n24996/thumbnail_thumbnail_IMG_2400.jpg,juan-david-lacouture-suarez,json_profesores/juan-david-lacouture-suarez.json
Lara Orduz,Juan Miguel,"Lara Orduz, Juan Miguel",https://research-hub.urosario.edu.co/display/juan-miguel-lara-orduz,Escuela de Medicina y Ciencias de la Salud,Docente clínico y de prácticas,,juan-miguel-lara-orduz,json_profesores/juan-miguel-lara-orduz.json
Latorre González,Indira,"Latorre González, Indira",https://research-hub.urosario.edu.co/display/indira-latorre-gonzalez,Facultad de Jurisprudencia,Directora pregrado de Jurisprudencia,https://research-hub.urosario.edu.co/file/n5635/thumbnail_Indira2.jpg,indira-latorre-gonzalez,json_profesores/indira-latorre-gonzalez.json
Latorre Santos,Catalina,"Latorre Santos, Catalina",https://research-hub.urosario.edu.co/display/catalina-latorre-santos,Escuela de Medicina y Ciencias de la Salud,Profesor principal de carrera,https://research-hub.urosario.edu.co/file/n2086/thumbnail_Latorre.jpg,catalina-latorre-santos,json_profesores/catalina-latorre-santos.json
Latorre Vega,Ángela Guiomar,"Latorre Vega, Ángela Guiomar",https://research-hub.urosario.edu.co/display/angela-guiomar-latorre-vega,Escuela de Medicina y Ciencias de la Salud,Docente clínico y de prácticas,https://research-hub.urosario.edu.co/file/n20717/thumbnail_1724376220751.jpg,angela-guiomar-latorre-vega,json_profesores/angela-guiomar-latorre-vega.json
Laverde Robayo,Diana Marcela,"Laverde Robayo, Diana Marcela",https://research-hub.urosario.edu.co/display/diana-marcela-laverde-robayo,Escuela de Medicina y Ciencias de la Salud,Profesor auxiliar de carrera,https://research-hub.urosario.edu.co/file/n11633/thumbnail_Diana-Laverde-HUB.jpg,diana-marcela-laverde-robayo,json_profesores/diana-marcela-laverde-robayo.json
Leiteritz,Ralf Juan,"Leiteritz, Ralf Juan",https://research-hub.urosario.edu.co/display/ralf-juan-leiteritz,"Escuela de Estudios Sociales, Políticos e Internacionales",Profesor titular de carrera,https://research-hub.urosario.edu.co/file/n4014/thumbnail_Leiteritz.jpg,ralf-juan-leiteritz,json_profesores/ralf-juan-leiteritz.json
Lemus Esquivel,Juan Sebastián,"Lemus Esquivel, Juan Sebastián",https://research-hub.urosario.edu.co/display/juan-sebastian-lemus-esquivel,Facultad de Economía,Profesor de cátedra posgrado,https://research-hub.urosario.edu.co/file/n12641/thumbnail_juan+sebastian+lemus.jpg,juan-sebastian-lemus-esquivel,json_profesores/juan-sebastian-lemus-esquivel.json
León Arce,Heisel Gloria,"León Arce, Heisel Gloria",https://research-hub.urosario.edu.co/display/heisel-gloria-leon-arce,Escuela de Medicina y Ciencias de la Salud,Profesor de docencia y práctica,https://research-hub.urosario.edu.co/file/n665/thumbnail_silueta+mujer.jpg,heisel-gloria-leon-arce,json_profesores/heisel-gloria-leon-arce.json
Lizarazo Rivero,María Lucía,"Lizarazo Rivero, María Lucía",https://research-hub.urosario.edu.co/display/maria-lucia-lizarazo-rivero,Escuela de Ciencias e Ingeniería,Profesor cátedra posgrado,https://research-hub.urosario.edu.co/file/n2591/thumbnail_maria_lizarazo.jpg,maria-lucia-lizarazo-rivero,json_profesores/maria-lucia-lizarazo-rivero.json
Lizcano,Fernando,"Lizcano, Fernando",https://research-hub.urosario.edu.co/display/fernando-lizcano,Escuela de Medicina y Ciencias de la Salud,Profesor mérito,https://research-hub.urosario.edu.co/file/n14117/thumbnail_FERNANDO+LIZCANO.jpg,fernando-lizcano,json_profesores/fernando-lizcano.json
Londoño Bejarano,Isabella,"Londoño Bejarano, Isabella",https://research-hub.urosario.edu.co/display/isabella-londono-bejarano,Facultad de Creación,Profesor de docencia y práctica,https://research-hub.urosario.edu.co/file/n2055/thumbnail_Profe+Isabella+FACREA+CRAI.jpg,isabella-londono-bejarano,json_profesores/isabella-londono-bejarano.json
Londoño Paredes,Julio,"Londoño Paredes, Julio",https://research-hub.urosario.edu.co/display/julio-londono-paredes,"Escuela de Estudios Sociales, Políticos e Internacionales",Profesor cátedra,https://research-hub.urosario.edu.co/file/n16295/thumbnail_Londo%C3%B1o.jpg,julio-londono-paredes,json_profesores/julio-londono-paredes.json
Lorgia Garnica,Gustavo Adolfo,"Lorgia Garnica, Gustavo Adolfo",https://research-hub.urosario.edu.co/display/gustavo-adolfo-lorgia-garnica,Facultad de Creación,Profesor de docencia y práctica,https://research-hub.urosario.edu.co/file/n27034/thumbnail_gustavo-lorgia.jpg,gustavo-adolfo-lorgia-garnica,json_profesores/gustavo-adolfo-lorgia-garnica.json
Lozano Barbosa,Martha Carolina,"Lozano Barbosa, Martha Carolina",https://research-hub.urosario.edu.co/display/martha-carolina-lozano-barbosa,Escuela de Administración,Directora de Administración de Empresas y Administración en Logística y Producción,https://research-hub.urosario.edu.co/file/n4741/thumbnail_Carito_HUB+UR.jpg,martha-carolina-lozano-barbosa,json_profesores/martha-carolina-lozano-barbosa.json
Lucena Ramírez,Julio César,"Lucena Ramírez, Julio César",https://research-hub.urosario.edu.co/display/julio-cesar-lucena-ramirez,Facultad de Creación,Profesor asistente de carrera,https://research-hub.urosario.edu.co/file/n2668/thumbnail_Julio+Lucena+Ramirez.jpg,julio-cesar-lucena-ramirez,json_profesores/julio-cesar-lucena-ramirez.json
Luna Arroyo,Ezequiel David,"Luna Arroyo, Ezequiel David",https://research-hub.urosario.edu.co/display/ezequiel-david-luna-arroyo,Escuela de Medicina y Ciencias de la Salud,Docente clínico y de prácticas,,ezequiel-david-luna-arroyo,json_profesores/ezequiel-david-luna-arroyo.json
Luna Vela,Fredy Andrés,"Luna Vela, Fredy Andrés",https://research-hub.urosario.edu.co/display/fredy-andres-luna-vela,Escuela de Medicina y Ciencias de la Salud,Docente clínico y de prácticas,https://research-hub.urosario.edu.co/file/n2129/thumbnail_Captura+de+pantalla+2025-10-15+115554.jpg,fredy-andres-luna-vela,json_profesores/fredy-andres-luna-vela.json
Luque Bernal,Ricardo Miguel,"Luque Bernal, Ricardo Miguel",https://research-hub.urosario.edu.co/display/ricardo-miguel-luque-bernal,Escuela de Medicina y Ciencias de la Salud,Profesor asociado de carrera,https://research-hub.urosario.edu.co/file/n123683/thumbnail_Luque.jpg,ricardo-miguel-luque-bernal,json_profesores/ricardo-miguel-luque-bernal.json
López Castro,Yira Nohelia,"López Castro, Yira Nohelia",https://research-hub.urosario.edu.co/display/yira-nohelia-lopez-castro,Facultad de Jurisprudencia,Profesor asociado de carrera,https://research-hub.urosario.edu.co/file/n14145/thumbnail_Lopez.jpg,yira-nohelia-lopez-castro,json_profesores/yira-nohelia-lopez-castro.json
López Martínez,Euzcady Rafael,"López Martínez, Euzcady Rafael",https://research-hub.urosario.edu.co/display/euzcady-rafael-lopez-martinez,Escuela de Medicina y Ciencias de la Salud,Instructor,https://research-hub.urosario.edu.co/file/n2167/thumbnail_L%C3%B3pez+Mart%C3%ADnez%2C+Euzcady+Rafael.jpg,euzcady-rafael-lopez-martinez,json_profesores/euzcady-rafael-lopez-martinez.json
Maclean,Robert Joséph Blaise,"Maclean, Robert Joséph Blaise",https://research-hub.urosario.edu.co/display/robert-joseph-blaise-maclean,Facultad de Jurisprudencia,Profesor asistente de carrera,https://research-hub.urosario.edu.co/file/n6809/thumbnail_Maclean.jpg,robert-joseph-blaise-maclean,json_profesores/robert-joseph-blaise-maclean.json
Macías Ángel,Beatríz del Pilar,"Macías Ángel, Beatríz del Pilar",https://research-hub.urosario.edu.co/display/beatriz-del-pilar-macias-angel,Escuela de Medicina y Ciencias de la Salud,Profesor asistente de carrera,https://research-hub.urosario.edu.co/file/n1732/thumbnail_Macias.jpg,beatriz-del-pilar-macias-angel,json_profesores/beatriz-del-pilar-macias-angel.json
Maldonado Castañeda,Oscar Javier,"Maldonado Castañeda, Oscar Javier",https://research-hub.urosario.edu.co/display/oscar-javier-maldonado-castaneda,"Escuela de Estudios Sociales, Políticos e Internacionales",Profesor asociado de carrera,https://research-hub.urosario.edu.co/file/n6921/thumbnail_Oscar-Javier-Maldonado.jpg,oscar-javier-maldonado-castaneda,json_profesores/oscar-javier-maldonado-castaneda.json
Maldonado Chaparro,Adriana Alexandra,"Maldonado Chaparro, Adriana Alexandra",https://research-hub.urosario.edu.co/display/adriana-alexandra-maldonado-chaparro,Escuela de Ciencias e Ingeniería,Profesor asociado de carrera,https://research-hub.urosario.edu.co/file/n14170/thumbnail_adriana+maldonado.jpg,adriana-alexandra-maldonado-chaparro,json_profesores/adriana-alexandra-maldonado-chaparro.json
Maldonado Lara,Eliana,"Maldonado Lara, Eliana",https://research-hub.urosario.edu.co/display/eliana-maldonado-lara,Escuela de Medicina y Ciencias de la Salud,Docente clínico y de prácticas,https://research-hub.urosario.edu.co/file/n3027/thumbnail_1574880644333.jpg,eliana-maldonado-lara,json_profesores/eliana-maldonado-lara.json
Mantilla Gutiérrez,Hugo Andrés,"Mantilla Gutiérrez, Hugo Andrés",https://research-hub.urosario.edu.co/display/hugo-andres-mantilla-gutierrez,Escuela de Medicina y Ciencias de la Salud,Docente clínico y de prácticas,https://research-hub.urosario.edu.co/file/n5972/thumbnail_Captura+de+pantalla+2025-10-22+190706.jpg,hugo-andres-mantilla-gutierrez,json_profesores/hugo-andres-mantilla-gutierrez.json
Mantilla León,Laura Clemencia,"Mantilla León, Laura Clemencia",https://research-hub.urosario.edu.co/display/laura-clemencia-mantilla-leon,Escuela de Ciencias e Ingeniería,Profesor cátedra posgrado,https://research-hub.urosario.edu.co/file/n238/thumbnail_Laura.jpg,laura-clemencia-mantilla-leon,json_profesores/laura-clemencia-mantilla-leon.json
Marino Zamudio,Raúl Alberto,"Marino Zamudio, Raúl Alberto",https://research-hub.urosario.edu.co/display/raul-alberto-marino-zamudio,"Escuela de Estudios Sociales, Políticos e Internacionales",Profesor principal de carrera,https://research-hub.urosario.edu.co/file/n13922/thumbnail_Ra%C3%BAl+Alberto+Marino.jpg,raul-alberto-marino-zamudio,json_profesores/raul-alberto-marino-zamudio.json
Marriaga Ángel,Ángela Patricia,"Marriaga Ángel, Ángela Patricia",https://research-hub.urosario.edu.co/display/angela-patricia-marriaga-angel,Escuela de Medicina y Ciencias de la Salud,Docente clínico y de prácticas,https://research-hub.urosario.edu.co/file/n29404/thumbnail_silueta+mujer+hub.jpg,angela-patricia-marriaga-angel,json_profesores/angela-patricia-marriaga-angel.json
Martínez Agüero,Magdalena María,"Martínez Agüero, Magdalena María",https://research-hub.urosario.edu.co/display/magdalena-maria-martinez-aguero,Escuela de Ciencias e Ingeniería,Profesor principal de carrera,https://research-hub.urosario.edu.co/file/n13708/thumbnail_Martinez.jpg,magdalena-maria-martinez-aguero,json_profesores/magdalena-maria-martinez-aguero.json
Martínez Gallego,Hugo Alexander,"Martínez Gallego, Hugo Alexander",https://research-hub.urosario.edu.co/display/hugo-alexander-martinez-gallego,Escuela de Ciencias e Ingeniería,Profesor cátedra posgrado,https://research-hub.urosario.edu.co/file/n18129/thumbnail_hugo1.jpg,hugo-alexander-martinez-gallego,json_profesores/hugo-alexander-martinez-gallego.json
Martínez Gómez,Orlando De Jesús,"Martínez Gómez, Orlando De Jesús",https://research-hub.urosario.edu.co/display/orlando-de-jesus-martinez-gomez,Facultad de Jurisprudencia,Profesor cátedra,https://research-hub.urosario.edu.co/file/n14891/thumbnail_ORLANDO+MART%C3%8DNEZ+G%C3%93MEZ.jpg,orlando-de-jesus-martinez-gomez,json_profesores/orlando-de-jesus-martinez-gomez.json
Martínez Lozano,César Camilo,"Martínez Lozano, César Camilo",https://research-hub.urosario.edu.co/display/cesar-camilo-martinez-lozano,Escuela de Administración,Profesor de docencia,https://research-hub.urosario.edu.co/file/n25637/thumbnail_Image20240923095700.jpg,cesar-camilo-martinez-lozano,json_profesores/cesar-camilo-martinez-lozano.json
Martínez Matheus,Margin del Socorro,"Martínez Matheus, Margin del Socorro",https://research-hub.urosario.edu.co/display/margin-del-socorro-martinez-matheus,Escuela de Medicina y Ciencias de la Salud,Profesor principal de carrera,https://research-hub.urosario.edu.co/file/n4424/thumbnail_Captura+de+pantalla+2026-03-25+121656.jpg,margin-del-socorro-martinez-matheus,json_profesores/margin-del-socorro-martinez-matheus.json
Martínez Muñoz,Karol Ximena,"Martínez Muñoz, Karol Ximena",https://research-hub.urosario.edu.co/display/karol-ximena-martinez-munoz,Facultad de Jurisprudencia,Profesor principal de carrera,https://research-hub.urosario.edu.co/file/n2635/thumbnail_karol.jpg,karol-ximena-martinez-munoz,json_profesores/karol-ximena-martinez-munoz.json
Martínez Ochoa,Catalina María,"Martínez Ochoa, Catalina María",https://research-hub.urosario.edu.co/display/catalina-maria-martinez-ochoa,Escuela de Medicina y Ciencias de la Salud,Docente clínico,https://research-hub.urosario.edu.co/file/n13132/thumbnail_Captura+de+pantalla+2026-02-12+083036.jpg,catalina-maria-martinez-ochoa,json_profesores/catalina-maria-martinez-ochoa.json
Martínez Rodríguez,Ángela,"Martínez Rodríguez, Ángela",https://research-hub.urosario.edu.co/display/angela-martinez-rodriguez,Escuela de Medicina y Ciencias de la Salud,Profesor asistente de carrera,https://research-hub.urosario.edu.co/file/n31665/thumbnail_Foto_Angela+Mart%C3%ADnez.jpg,angela-martinez-rodriguez,json_profesores/angela-martinez-rodriguez.json
Martínez Rángel,Diana Pilar,"Martínez Rángel, Diana Pilar",https://research-hub.urosario.edu.co/display/diana-pilar-martinez-rangel,Escuela de Medicina y Ciencias de la Salud,Profesor auxiliar de carrera,https://research-hub.urosario.edu.co/file/n2660/thumbnail_diana+del+pilar.jpg,diana-pilar-martinez-rangel,json_profesores/diana-pilar-martinez-rangel.json
Martínez Sánchez,Wilson Alejandro,"Martínez Sánchez, Wilson Alejandro",https://research-hub.urosario.edu.co/display/wilson-alejandro-martinez-sanchez,Facultad de Jurisprudencia,Profesor asociado de carrera,https://research-hub.urosario.edu.co/file/n65119/thumbnail_Sanchez.jpg,wilson-alejandro-martinez-sanchez,json_profesores/wilson-alejandro-martinez-sanchez.json
Maya Fajardo,Sonia Daniela,"Maya Fajardo, Sonia Daniela",https://research-hub.urosario.edu.co/display/sonia-daniela-maya-fajardo,Escuela de Medicina y Ciencias de la Salud,Instructor,https://research-hub.urosario.edu.co/file/n14421/thumbnail_Maya+Fajardo%2C+Sonia+Daniela.jpg,sonia-daniela-maya-fajardo,json_profesores/sonia-daniela-maya-fajardo.json
Medellín Martínez,Juan Camilo,"Medellín Martínez, Juan Camilo",https://research-hub.urosario.edu.co/display/juan-camilo-medellin-martinez,Facultad de Economía,Profesor principal de carrera,https://research-hub.urosario.edu.co/file/n26811/thumbnail_luis+medellin.jpg,juan-camilo-medellin-martinez,json_profesores/juan-camilo-medellin-martinez.json
Mejía Delgado,Oscar Armando,"Mejía Delgado, Oscar Armando",https://research-hub.urosario.edu.co/display/oscar-armando-mejia-delgado,Escuela de Administración,Profesor de docencia,https://research-hub.urosario.edu.co/file/n24069/thumbnail_Mej%C3%ADa+Delgado%2C+Oscar+Armando.jpg,oscar-armando-mejia-delgado,json_profesores/oscar-armando-mejia-delgado.json
Melgarejo Cante,Mónica Lorena,"Melgarejo Cante, Mónica Lorena",https://research-hub.urosario.edu.co/display/monica-lorena-melgarejo-cante,Escuela de Medicina y Ciencias de la Salud,Docente clínico,https://research-hub.urosario.edu.co/file/n411/thumbnail_IMG_3667.jpg,monica-lorena-melgarejo-cante,json_profesores/monica-lorena-melgarejo-cante.json
Melón  Mateus,Laura Pilar,"Melón  Mateus, Laura Pilar",https://research-hub.urosario.edu.co/display/laura-pilar-melon-mateus,Escuela de Medicina y Ciencias de la Salud,Docente clínico y de prácticas,https://research-hub.urosario.edu.co/file/n12391/thumbnail_Dra.+Laura+Mel%C3%B3n.jpg,laura-pilar-melon-mateus,json_profesores/laura-pilar-melon-mateus.json
Mena Deferme,María Susana Guadalupe,"Mena Deferme, María Susana Guadalupe",https://research-hub.urosario.edu.co/display/maria-susana-guadalupe-mena-deferme,Facultad de Creación,Directora Maestría en diseño e innovación de materiales,https://research-hub.urosario.edu.co/file/n18244/thumbnail_Profe+Minche.jpg,maria-susana-guadalupe-mena-deferme,json_profesores/maria-susana-guadalupe-mena-deferme.json
Mendoza Quevedo,Jairo,"Mendoza Quevedo, Jairo",https://research-hub.urosario.edu.co/display/jairo-mendoza-quevedo,Escuela de Medicina y Ciencias de la Salud,Profesor mérito,https://research-hub.urosario.edu.co/file/n10908/thumbnail_Mendoza+Quevedo%2C+Jairo.jpg,jairo-mendoza-quevedo,json_profesores/jairo-mendoza-quevedo.json
Mogollón Pérez,Amparo Susana,"Mogollón Pérez, Amparo Susana",https://research-hub.urosario.edu.co/display/amparo-susana-mogollon-perez,Escuela de Medicina y Ciencias de la Salud,Profesor titular de carrera,https://research-hub.urosario.edu.co/file/n6515/thumbnail_AmparoSusana.jpg,amparo-susana-mogollon-perez,json_profesores/amparo-susana-mogollon-perez.json
Molano González,Nicolás,"Molano González, Nicolás",https://research-hub.urosario.edu.co/display/nicolas-molano-gonzalez,Escuela de Medicina y Ciencias de la Salud,Profesor principal de carrera,https://research-hub.urosario.edu.co/file/n92/thumbnail_Molano.jpg,nicolas-molano-gonzalez,json_profesores/nicolas-molano-gonzalez.json
Molano Rojas,Gilberto Andrés,"Molano Rojas, Gilberto Andrés",https://research-hub.urosario.edu.co/display/gilberto-andres-molano-rojas,"Escuela de Estudios Sociales, Políticos e Internacionales",Profesor principal de carrera,https://research-hub.urosario.edu.co/file/n26889/thumbnail_Molano.jpg,gilberto-andres-molano-rojas,json_profesores/gilberto-andres-molano-rojas.json
Molina Cuevas,Ángela María,"Molina Cuevas, Ángela María",https://research-hub.urosario.edu.co/display/angela-maria-molina-cuevas,Escuela de Medicina y Ciencias de la Salud,Instructor,https://research-hub.urosario.edu.co/file/n1944/thumbnail_angela+maria+cuevas.jpg,angela-maria-molina-cuevas,json_profesores/angela-maria-molina-cuevas.json
Monroy Hernández,María Catalina,"Monroy Hernández, María Catalina",https://research-hub.urosario.edu.co/display/maria-catalina-monroy-hernandez,"Escuela de Estudios Sociales, Políticos e Internacionales",Profesor asociado de carrera,https://research-hub.urosario.edu.co/file/n48073/thumbnail_monroy.jpg,maria-catalina-monroy-hernandez,json_profesores/maria-catalina-monroy-hernandez.json
Monsalve Carmona,Diana Marcela,"Monsalve Carmona, Diana Marcela",https://research-hub.urosario.edu.co/display/diana-marcela-monsalve-carmona,Escuela de Medicina y Ciencias de la Salud,Profesor principal de carrera,https://research-hub.urosario.edu.co/file/n9196/thumbnail_Monsalve.jpg,diana-marcela-monsalve-carmona,json_profesores/diana-marcela-monsalve-carmona.json
Montaña Fernández,Andrés Fernando,"Montaña Fernández, Andrés Fernando",https://research-hub.urosario.edu.co/display/andres-fernando-montana-fernandez,Escuela de Administración,Profesor de docencia,https://research-hub.urosario.edu.co/file/n11451/thumbnail_andres+fernando+montana.jpg,andres-fernando-montana-fernandez,json_profesores/andres-fernando-montana-fernandez.json
MontaÑez Camacho,Dicken Sabigail,"MontaÑez Camacho, Dicken Sabigail",https://research-hub.urosario.edu.co/display/dicken-sabigail-montanez-camacho,Escuela de Medicina y Ciencias de la Salud,Docente clínico y de prácticas,https://research-hub.urosario.edu.co/file/n8823/thumbnail_Captura+de+pantalla+2025-10-15+105302.jpg,dicken-sabigail-montanez-camacho,json_profesores/dicken-sabigail-montanez-camacho.json
Montaño López,Laura Alejandra,"Montaño López, Laura Alejandra",https://research-hub.urosario.edu.co/display/laura-alejandra-montano-lopez,Escuela de Medicina y Ciencias de la Salud,Docente clínico y de prácticas,https://research-hub.urosario.edu.co/file/n7803/thumbnail_LAURA+MONTANO.jpg,laura-alejandra-montano-lopez,json_profesores/laura-alejandra-montano-lopez.json
Montoya Beltrán,Juan Sebastián,"Montoya Beltrán, Juan Sebastián",https://research-hub.urosario.edu.co/display/juan-sebastian-montoya-beltran,Escuela de Medicina y Ciencias de la Salud,Docente clínico y de prácticas,,juan-sebastian-montoya-beltran,json_profesores/juan-sebastian-montoya-beltran.json
Montoya Hurtado,Laura Cristina,"Montoya Hurtado, Laura Cristina",https://research-hub.urosario.edu.co/display/laura-cristina-montoya-hurtado,Escuela de Medicina y Ciencias de la Salud,Docente clínico y de prácticas,https://research-hub.urosario.edu.co/file/n7466/thumbnail_1644071752628.jpg,laura-cristina-montoya-hurtado,json_profesores/laura-cristina-montoya-hurtado.json
Mora Mera,Johana Cristina,"Mora Mera, Johana Cristina",https://research-hub.urosario.edu.co/display/johana-cristina-mora-mera,Escuela de Medicina y Ciencias de la Salud,Instructor,https://research-hub.urosario.edu.co/file/n13179/thumbnail_Mora+Mera%2C+Johana+Cristina.jpg,johana-cristina-mora-mera,json_profesores/johana-cristina-mora-mera.json
Mora Murcia,Nelson,"Mora Murcia, Nelson",https://research-hub.urosario.edu.co/display/nelson-mora-murcia,Escuela de Administración,Profesor adjunto,https://research-hub.urosario.edu.co/file/n1217/thumbnail_mora-murcia-nelson.jpg,nelson-mora-murcia,json_profesores/nelson-mora-murcia.json
Morales Benítez,Sandra Yamile,"Morales Benítez, Sandra Yamile",https://research-hub.urosario.edu.co/display/sandra-yamile-morales-benitez,Escuela de Medicina y Ciencias de la Salud,Profesor de docencia y práctica,https://research-hub.urosario.edu.co/file/n6605/thumbnail_yamile+morales.jpg,sandra-yamile-morales-benitez,json_profesores/sandra-yamile-morales-benitez.json
Morales Burton,Verónica María,"Morales Burton, Verónica María",https://research-hub.urosario.edu.co/display/veronica-maria-morales-burton,Escuela de Medicina y Ciencias de la Salud,Docente clínico y de prácticas,https://research-hub.urosario.edu.co/file/n10242/thumbnail_Captura+de+pantalla+2025-10-20+135813.jpg,veronica-maria-morales-burton,json_profesores/veronica-maria-morales-burton.json
Morales López,Daniel Humberto,"Morales López, Daniel Humberto",https://research-hub.urosario.edu.co/display/daniel-humberto-morales-lopez,Escuela de Medicina y Ciencias de la Salud,Docente clínico y de prácticas,https://research-hub.urosario.edu.co/file/n3019/thumbnail_dd87bb2aa03615d37a568ca29a80c611.jpg,daniel-humberto-morales-lopez,json_profesores/daniel-humberto-morales-lopez.json
Morales Ortiz,Lisbeth Amparo,"Morales Ortiz, Lisbeth Amparo",https://research-hub.urosario.edu.co/display/lisbeth-amparo-morales-ortiz,Escuela de Medicina y Ciencias de la Salud,Profesor auxiliar de carrera,https://research-hub.urosario.edu.co/file/n11014/thumbnail_morales+lisbeth.jpg,lisbeth-amparo-morales-ortiz,json_profesores/lisbeth-amparo-morales-ortiz.json
Morales Pertuz,Carlos Alberto,"Morales Pertuz, Carlos Alberto",https://research-hub.urosario.edu.co/display/carlos-alberto-morales-pertuz,Escuela de Medicina y Ciencias de la Salud,Docente clínico y de prácticas,https://research-hub.urosario.edu.co/file/n42579/thumbnail_CARLOSMORALES.jpg,carlos-alberto-morales-pertuz,json_profesores/carlos-alberto-morales-pertuz.json
Morel,Adrien,"Morel, Adrien",https://research-hub.urosario.edu.co/display/adrien-morel,Escuela de Medicina y Ciencias de la Salud,Profesor principal de carrera,https://research-hub.urosario.edu.co/file/n6900/thumbnail_adrien.jpg,adrien-morel,json_profesores/adrien-morel.json
Moreno Jurado,Carlos Alberto,"Moreno Jurado, Carlos Alberto",https://research-hub.urosario.edu.co/display/carlos-alberto-moreno--jurado,Escuela de Medicina y Ciencias de la Salud,Instructor,,carlos-alberto-moreno--jurado,json_profesores/carlos-alberto-moreno--jurado.json
Moreno Knudsen,María Paula,"Moreno Knudsen, María Paula",https://research-hub.urosario.edu.co/display/maria-paula-moreno-knudsen,Escuela de Medicina y Ciencias de la Salud,Docente clínico y de prácticas,https://research-hub.urosario.edu.co/file/n19259/thumbnail_IMG_2944.jpg,maria-paula-moreno-knudsen,json_profesores/maria-paula-moreno-knudsen.json
Moreno Ordoñez,Diana Carolina,"Moreno Ordoñez, Diana Carolina",https://research-hub.urosario.edu.co/display/diana-carolina-moreno-ordonez,Escuela de Medicina y Ciencias de la Salud,Docente clínico y de prácticas,https://research-hub.urosario.edu.co/file/n6374/thumbnail_Captura+de+pantalla+2025-10-31+150601.jpg,diana-carolina-moreno-ordonez,json_profesores/diana-carolina-moreno-ordonez.json
Moreno Reza,Gabriel Elias,"Moreno Reza, Gabriel Elias",https://research-hub.urosario.edu.co/display/gabriel-elias-moreno-reza,Vicerrectoría Académica,Profesor de docencia,https://research-hub.urosario.edu.co/file/n10472/thumbnail_moreno+reza.jpg,gabriel-elias-moreno-reza,json_profesores/gabriel-elias-moreno-reza.json
Morros González,Elly Alejandra,"Morros González, Elly Alejandra",https://research-hub.urosario.edu.co/display/elly-alejandra-morros-gonzalez,Escuela de Medicina y Ciencias de la Salud,Docente clínico y de prácticas,https://research-hub.urosario.edu.co/file/n8136/thumbnail_ELLY+MORROS.jpg,elly-alejandra-morros-gonzalez,json_profesores/elly-alejandra-morros-gonzalez.json
Motta Valencia,Juan Camilo,"Motta Valencia, Juan Camilo",https://research-hub.urosario.edu.co/display/juan-camilo-motta-valencia,Escuela de Medicina y Ciencias de la Salud,Docente clínico y de prácticas,,juan-camilo-motta-valencia,json_profesores/juan-camilo-motta-valencia.json
Moya Valenzuela,Laura Marcela,"Moya Valenzuela, Laura Marcela",https://research-hub.urosario.edu.co/display/laura-marcela-moya-valenzuela,Escuela de Medicina y Ciencias de la Salud,Docente clínico y de prácticas,https://research-hub.urosario.edu.co/file/n54409/thumbnail_Captura+de+pantalla+2025-11-19+104202.jpg,laura-marcela-moya-valenzuela,json_profesores/laura-marcela-moya-valenzuela.json
Muratori,Umberto,"Muratori, Umberto",https://research-hub.urosario.edu.co/display/umberto-muratori,Facultad de Economía,Profesor principal de carrera,https://research-hub.urosario.edu.co/file/n30936/thumbnail_muratori_umberto_ur.jpg,umberto-muratori,json_profesores/umberto-muratori.json
Murcia Sánchez,Hecmar Eduardo,"Murcia Sánchez, Hecmar Eduardo",https://research-hub.urosario.edu.co/display/hecmar-eduardo-murcia-sanchez,Escuela de Medicina y Ciencias de la Salud,Docente clínico y de prácticas,,hecmar-eduardo-murcia-sanchez,json_profesores/hecmar-eduardo-murcia-sanchez.json
Murillo Pinto,Milton,"Murillo Pinto, Milton",https://research-hub.urosario.edu.co/display/milton-murillo-pinto,Escuela de Medicina y Ciencias de la Salud,Instructor,https://research-hub.urosario.edu.co/file/n43142/thumbnail_Murillo+Pinto%2C+Milton.jpg,milton-murillo-pinto,json_profesores/milton-murillo-pinto.json
Muñoz Cadena,Sarah María,"Muñoz Cadena, Sarah María",https://research-hub.urosario.edu.co/display/sarah-maria-munoz-cadena,Facultad de Economía,Profesor de cátedra posgrado,https://research-hub.urosario.edu.co/file/n45221/thumbnail_Mu%C3%B1oz+Cadena%2C+Sarah+Mar%C3%ADa.jpg,sarah-maria-munoz-cadena,json_profesores/sarah-maria-munoz-cadena.json
Muñoz Cerón,Joe Fernando,"Muñoz Cerón, Joe Fernando",https://research-hub.urosario.edu.co/display/jose-fernando-munoz,Escuela de Medicina y Ciencias de la Salud,Docente clínico y de prácticas,https://research-hub.urosario.edu.co/file/n1779/thumbnail_Captura+de+pantalla+2025-11-25+085524.jpg,jose-fernando-munoz,json_profesores/jose-fernando-munoz.json
Muñoz Espinosa,Merly,"Muñoz Espinosa, Merly",https://research-hub.urosario.edu.co/display/merly-munoz-espinosa,Escuela de Medicina y Ciencias de la Salud,Docente clínico y de prácticas,https://research-hub.urosario.edu.co/file/n13051/thumbnail_418977993_753509093469267_61887429898257998_n.jpg,merly-munoz-espinosa,json_profesores/merly-munoz-espinosa.json
Muñoz Leyva,Felipe,"Muñoz Leyva, Felipe",https://research-hub.urosario.edu.co/display/felipe-munoz-leyva,Escuela de Medicina y Ciencias de la Salud,Docente clínico y de prácticas,,felipe-munoz-leyva,json_profesores/felipe-munoz-leyva.json
Muñoz Ávila,Lina Marcela,"Muñoz Ávila, Lina Marcela",https://research-hub.urosario.edu.co/display/lina-marcela-munoz-avila,Facultad de Jurisprudencia,Profesor asociado de carrera,https://research-hub.urosario.edu.co/file/n7028/thumbnail_Mu%C3%B1oz.jpg,lina-marcela-munoz-avila,json_profesores/lina-marcela-munoz-avila.json
Méndez Romero,Rafael Alberto,"Méndez Romero, Rafael Alberto",https://research-hub.urosario.edu.co/display/rafael-alberto-mendez-romero,Escuela de Ciencias e Ingeniería,Profesor principal de carrera,https://research-hub.urosario.edu.co/file/n15044/thumbnail_Mendez.jpg,rafael-alberto-mendez-romero,json_profesores/rafael-alberto-mendez-romero.json
Müller,Oliver,"Müller, Oliver",https://research-hub.urosario.edu.co/display/oliver-muller,Escuela de Medicina y Ciencias de la Salud,Profesor principal de carrera,https://research-hub.urosario.edu.co/file/n13839/thumbnail_Captura+de+pantalla+2026-03-24+120006.jpg,oliver-muller,json_profesores/oliver-muller.json
Nava Mesa,Mauricio Orlando,"Nava Mesa, Mauricio Orlando",https://research-hub.urosario.edu.co/display/mauricio-orlando-nava-mesa,Escuela de Medicina y Ciencias de la Salud,Profesor asociado de carrera,https://research-hub.urosario.edu.co/file/n47303/thumbnail_Nava.jpg,mauricio-orlando-nava-mesa,json_profesores/mauricio-orlando-nava-mesa.json
Nemeguén Arias,Camilo Ernesto,"Nemeguén Arias, Camilo Ernesto",https://research-hub.urosario.edu.co/display/camilo-ernesto-nemeguen-arias,Escuela de Medicina y Ciencias de la Salud,Profesor mérito,https://research-hub.urosario.edu.co/file/n666/thumbnail_Nemegu%C3%A9n+Arias%2C+Camilo+Ernesto.jpg,camilo-ernesto-nemeguen-arias,json_profesores/camilo-ernesto-nemeguen-arias.json
Niño Reina,Martha María Claudia,"Niño Reina, Martha María Claudia",https://research-hub.urosario.edu.co/display/martha-maria-claudia-nino-reina,Escuela de Medicina y Ciencias de la Salud,Docente clínico y de prácticas,https://research-hub.urosario.edu.co/file/n17866/thumbnail_Captura+de+pantalla+2026-01-21+112743.jpg,martha-maria-claudia-nino-reina,json_profesores/martha-maria-claudia-nino-reina.json
Noguera Hidalgo,Ángela Lucía,"Noguera Hidalgo, Ángela Lucía",https://research-hub.urosario.edu.co/display/angela-lucia-noguera-hidalgo,"Escuela de Estudios Sociales, Políticos e Internacionales",Profesor principal de carrera,https://research-hub.urosario.edu.co/file/n21110/thumbnail_noguera.jpg,angela-lucia-noguera-hidalgo,json_profesores/angela-lucia-noguera-hidalgo.json
Noriega De La Rosa,Rubén Darío,"Noriega De La Rosa, Rubén Darío",https://research-hub.urosario.edu.co/display/ruben-dario-noriega-de-la-rosa,Escuela de Medicina y Ciencias de la Salud,Instructor,,ruben-dario-noriega-de-la-rosa,json_profesores/ruben-dario-noriega-de-la-rosa.json
Néstor,Sandoval,"Néstor, Sandoval",https://research-hub.urosario.edu.co/display/nestor-sandoval,Escuela de Medicina y Ciencias de la Salud,Profesor mérito,https://research-hub.urosario.edu.co/file/n495/thumbnail_N%C3%A9stor%2C+Sandoval.jpg,nestor-sandoval,json_profesores/nestor-sandoval.json
Obando López,Carlos Eduardo,"Obando López, Carlos Eduardo",https://research-hub.urosario.edu.co/display/carlos-eduardo-obando-lopez,Escuela de Medicina y Ciencias de la Salud,Docente clínico y de prácticas,https://research-hub.urosario.edu.co/file/n6182/thumbnail_Captura+de+pantalla+2025-10-21+203838.jpg,carlos-eduardo-obando-lopez,json_profesores/carlos-eduardo-obando-lopez.json
Obando Rondón,Andrés Mauricio,"Obando Rondón, Andrés Mauricio",https://research-hub.urosario.edu.co/display/andres-mauricio-obando-rondon,Escuela de Medicina y Ciencias de la Salud,Docente clínico y de prácticas,https://research-hub.urosario.edu.co/file/n2876/thumbnail_andres+mauricio+obando.jpg,andres-mauricio-obando-rondon,json_profesores/andres-mauricio-obando-rondon.json
Ocampo Palacio,Juan Gabriel,"Ocampo Palacio, Juan Gabriel",https://research-hub.urosario.edu.co/display/juan-gabriel-ocampo-palacio,Escuela de Medicina y Ciencias de la Salud,Profesor asistente de carrera,https://research-hub.urosario.edu.co/file/n12196/thumbnail_ocampo.jpg,juan-gabriel-ocampo-palacio,json_profesores/juan-gabriel-ocampo-palacio.json
Olarte Salazar,Carlos Mario,"Olarte Salazar, Carlos Mario",https://research-hub.urosario.edu.co/display/carlos-mario-olarte-salazar,Escuela de Medicina y Ciencias de la Salud,Profesor mérito,https://research-hub.urosario.edu.co/file/n20334/thumbnail_Captura_de_pantalla_2026-01-21_151153-removebg-preview.jpg,carlos-mario-olarte-salazar,json_profesores/carlos-mario-olarte-salazar.json
Olasolo,Héctor,"Olasolo, Héctor",https://research-hub.urosario.edu.co/display/hector-olasolo-alonso,Facultad de Jurisprudencia,Profesor titular de carrera,https://research-hub.urosario.edu.co/file/n4256/thumbnail_380072.jpg,hector-olasolo-alonso,json_profesores/hector-olasolo-alonso.json
Olaya Flórez,Sandra Ximena,"Olaya Flórez, Sandra Ximena",https://research-hub.urosario.edu.co/display/sandra-ximena--olaya-florez,Facultad de Economía,Profesor de cátedra posgrado,https://research-hub.urosario.edu.co/file/n46250/thumbnail_silueta+mujer.jpg,sandra-ximena--olaya-florez,json_profesores/sandra-ximena--olaya-florez.json
Olaya Osorio,Juan Carlos,"Olaya Osorio, Juan Carlos",https://research-hub.urosario.edu.co/display/juan-carlos-olaya-osorio,Escuela de Medicina y Ciencias de la Salud,Profesor mérito,https://research-hub.urosario.edu.co/file/n38867/thumbnail_JUAN+CARLOS+OLAYA.jpg,juan-carlos-olaya-osorio,json_profesores/juan-carlos-olaya-osorio.json
Olaya Rodríguez,Andrés Felipe,"Olaya Rodríguez, Andrés Felipe",https://research-hub.urosario.edu.co/display/andres-felipe-olaya-rodriguez,Escuela de Medicina y Ciencias de la Salud,Docente clínico y de prácticas,https://research-hub.urosario.edu.co/file/n7862/thumbnail_prof_4552_20220128171312.jpg,andres-felipe-olaya-rodriguez,json_profesores/andres-felipe-olaya-rodriguez.json
Oliveros Sánchez,Laura María,"Oliveros Sánchez, Laura María",https://research-hub.urosario.edu.co/display/laura-maria-oliveros-sanchez,Facultad de Creación,Profesor de docencia y práctica,https://research-hub.urosario.edu.co/file/n4787/thumbnail_laura+oliveros.jpg,laura-maria-oliveros-sanchez,json_profesores/laura-maria-oliveros-sanchez.json
Ondo Méndez,Alejandro Oyono,"Ondo Méndez, Alejandro Oyono",https://research-hub.urosario.edu.co/display/alejandro-oyono-ondo-mendez,Escuela de Medicina y Ciencias de la Salud,Vicedecano de Investigación y Consultoría,https://research-hub.urosario.edu.co/file/n13342/thumbnail_alejandro+ondo.jpg,alejandro-oyono-ondo-mendez,json_profesores/alejandro-oyono-ondo-mendez.json
Ordoñez Vargas,Laura Jimena,"Ordoñez Vargas, Laura Jimena",https://research-hub.urosario.edu.co/display/laura-jimena-ordonez-vargas,"Escuela de Estudios Sociales, Políticos e Internacionales",Directora Pregrado de Antropología,https://research-hub.urosario.edu.co/file/n4860/thumbnail_laura+ordonez.jpg,laura-jimena-ordonez-vargas,json_profesores/laura-jimena-ordonez-vargas.json
Ordóñez Díaz,Leonardo,"Ordóñez Díaz, Leonardo",https://research-hub.urosario.edu.co/display/leonardo-ordonez-diaz,"Escuela de Estudios Sociales, Políticos e Internacionales",Profesor asociado de carrera,https://research-hub.urosario.edu.co/file/n14846/thumbnail_leonardo+ordonez.jpg,leonardo-ordonez-diaz,json_profesores/leonardo-ordonez-diaz.json
Ordóñez Roth,Juan Thomas,"Ordóñez Roth, Juan Thomas",https://research-hub.urosario.edu.co/display/juan-thomas-ordonez-roth,"Escuela de Estudios Sociales, Políticos e Internacionales",Decano,https://research-hub.urosario.edu.co/file/n10873/thumbnail_thomas+ordonez.jpg,juan-thomas-ordonez-roth,json_profesores/juan-thomas-ordonez-roth.json
Orjuela Cañón,Alvaro David,"Orjuela Cañón, Alvaro David",https://research-hub.urosario.edu.co/display/alvaro-david-orjuela-canon,Escuela de Medicina y Ciencias de la Salud,Profesor asociado de carrera,https://research-hub.urosario.edu.co/file/n11355/thumbnail_alvaro_orjuela-urosario.jpg,alvaro-david-orjuela-canon,json_profesores/alvaro-david-orjuela-canon.json
Orozco Castro,Luis Antonio,"Orozco Castro, Luis Antonio",https://research-hub.urosario.edu.co/display/luis-antonio-orozco-castro,Escuela de Administración,Profesor asociado de carrera,https://research-hub.urosario.edu.co/file/n11641/thumbnail_Luis_Antonio_Orozco.jpg,luis-antonio-orozco-castro,json_profesores/luis-antonio-orozco-castro.json
Ortiz Leiva,Germán,"Ortiz Leiva, Germán",https://research-hub.urosario.edu.co/display/german-ortiz-leiva,"Escuela de Estudios Sociales, Políticos e Internacionales",Profesor cátedra,https://research-hub.urosario.edu.co/file/n53168/thumbnail_German_ortiz_Leiva.jpg,german-ortiz-leiva,json_profesores/german-ortiz-leiva.json
Ortiz Londoño,Juan Pablo,"Ortiz Londoño, Juan Pablo",https://research-hub.urosario.edu.co/display/juan-pablo-ortiz-londono,Escuela de Medicina y Ciencias de la Salud,Docente clínico y de prácticas,,juan-pablo-ortiz-londono,json_profesores/juan-pablo-ortiz-londono.json
Ortiz Muñoz,Jenny Amanda,"Ortiz Muñoz, Jenny Amanda",https://research-hub.urosario.edu.co/display/jenny-amanda-ortiz-munoz,Escuela de Medicina y Ciencias de la Salud,Profesor asistente de carrera,https://research-hub.urosario.edu.co/file/n2208/thumbnail_Foto+prof+Jenny.jpg,jenny-amanda-ortiz-munoz,json_profesores/jenny-amanda-ortiz-munoz.json
Osorio Mejía,John Jairo,"Osorio Mejía, John Jairo",https://research-hub.urosario.edu.co/display/john-jairo-osorio-mejia,Escuela de Medicina y Ciencias de la Salud,Docente clínico y de prácticas,,john-jairo-osorio-mejia,json_profesores/john-jairo-osorio-mejia.json
Otero Bahamon,Silvia Alejandra,"Otero Bahamon, Silvia Alejandra",https://research-hub.urosario.edu.co/display/silvia-alejandra-otero-bahamon,"Escuela de Estudios Sociales, Políticos e Internacionales",Profesor asociado de carrera,https://research-hub.urosario.edu.co/file/n21372/thumbnail_silvia+otero.jpg,silvia-alejandra-otero-bahamon,json_profesores/silvia-alejandra-otero-bahamon.json
Otero Cardona,Jesús Gilberto,"Otero Cardona, Jesús Gilberto",https://research-hub.urosario.edu.co/display/jesus-gilberto-otero-cardona,Facultad de Economía,Profesor titular de carrera,https://research-hub.urosario.edu.co/file/n15097/thumbnail_Otero.jpg,jesus-gilberto-otero-cardona,json_profesores/jesus-gilberto-otero-cardona.json
Padilla Muñoz,Andrea Carolina,"Padilla Muñoz, Andrea Carolina",https://research-hub.urosario.edu.co/display/andrea-carolina-padilla-munoz,Facultad de Jurisprudencia,Profesor titular de carrera,https://research-hub.urosario.edu.co/file/n4624/thumbnail_andrea-carolina-padilla.jpg,andrea-carolina-padilla-munoz,json_profesores/andrea-carolina-padilla-munoz.json
Palacios Espinosa,Ximena,"Palacios Espinosa, Ximena",https://research-hub.urosario.edu.co/display/ximena-palacios-espinosa,Escuela de Medicina y Ciencias de la Salud,Profesor titular de carrera,https://research-hub.urosario.edu.co/file/n62994/thumbnail_Palacios.jpg,ximena-palacios-espinosa,json_profesores/ximena-palacios-espinosa.json
Palacios Lleras,Andrés,"Palacios Lleras, Andrés",https://research-hub.urosario.edu.co/display/andres-palacios-lleras,Facultad de Jurisprudencia,Director Grupo de Investigación en Derecho Privado,https://research-hub.urosario.edu.co/file/n3492/thumbnail_palacios-lleras-hub.jpg,andres-palacios-lleras,json_profesores/andres-palacios-lleras.json
Palacios Ortega,Leonardo,"Palacios Ortega, Leonardo",https://research-hub.urosario.edu.co/display/leonardo-palacios-ortega,Facultad de Creación,Director programa en Teatro Musical,https://research-hub.urosario.edu.co/file/n12494/thumbnail_leonardo+palacios.jpg,leonardo-palacios-ortega,json_profesores/leonardo-palacios-ortega.json
Palacios Sanabria,María Teresa,"Palacios Sanabria, María Teresa",https://research-hub.urosario.edu.co/display/maria-teresa-palacios-sanabria,Facultad de Jurisprudencia,Directora de Investigación,https://research-hub.urosario.edu.co/file/n16085/thumbnail_Palacios.jpg,maria-teresa-palacios-sanabria,json_profesores/maria-teresa-palacios-sanabria.json
Palacios Sánchez,Leonardo,"Palacios Sánchez, Leonardo",https://research-hub.urosario.edu.co/display/leonardo-palacios-sanchez,Escuela de Medicina y Ciencias de la Salud,Profesor adjunto,https://research-hub.urosario.edu.co/file/n796/thumbnail_Captura+de+pantalla+2026-03-25+114735.jpg,leonardo-palacios-sanchez,json_profesores/leonardo-palacios-sanchez.json
Palma Morales,Óscar Julián,"Palma Morales, Óscar Julián",https://research-hub.urosario.edu.co/display/oscar-julian-palma-morales,"Escuela de Estudios Sociales, Políticos e Internacionales",Profesor asociado de carrera,https://research-hub.urosario.edu.co/file/n3106/thumbnail_Palma.jpg,oscar-julian-palma-morales,json_profesores/oscar-julian-palma-morales.json
Pantano González,Ana María,"Pantano González, Ana María",https://research-hub.urosario.edu.co/display/ana-maria-pantano-gonzalez,Escuela de Medicina y Ciencias de la Salud,Docente clínico y de prácticas,https://research-hub.urosario.edu.co/file/n47475/thumbnail_Captura+de+pantalla+2026-03-02+122115.jpg,ana-maria-pantano-gonzalez,json_profesores/ana-maria-pantano-gonzalez.json
Pardo Cocuy,Luis Fernando,"Pardo Cocuy, Luis Fernando",https://research-hub.urosario.edu.co/display/luis-fernando-pardo-cocuy,Escuela de Medicina y Ciencias de la Salud,Profesor cátedra posgrado,https://research-hub.urosario.edu.co/file/n4591/thumbnail_Pardo+Cocuy%2C+Luis+Fernando.jpg,luis-fernando-pardo-cocuy,json_profesores/luis-fernando-pardo-cocuy.json
Pardo Díaz,Geimy Carolina,"Pardo Díaz, Geimy Carolina",https://research-hub.urosario.edu.co/display/geimy-carolina-pardo-diaz,Escuela de Ciencias e Ingeniería,Decana,https://research-hub.urosario.edu.co/file/n18373/thumbnail_carolina-pardo.jpg,geimy-carolina-pardo-diaz,json_profesores/geimy-carolina-pardo-diaz.json
Pardo Martínez,Clara Inés,"Pardo Martínez, Clara Inés",https://research-hub.urosario.edu.co/display/clara-ines-pardo-martinez,Escuela de Administración,Profesor titular de carrera,https://research-hub.urosario.edu.co/file/n10059/thumbnail_IMG_7455_v2.jpg,clara-ines-pardo-martinez,json_profesores/clara-ines-pardo-martinez.json
Pardo Oviedo,Juan Mauricio,"Pardo Oviedo, Juan Mauricio",https://research-hub.urosario.edu.co/display/juan-mauricio-pardo-oviedo,Escuela de Medicina y Ciencias de la Salud,Decano,https://research-hub.urosario.edu.co/file/n27978/thumbnail_Pardo.jpg,juan-mauricio-pardo-oviedo,json_profesores/juan-mauricio-pardo-oviedo.json
Pardo Pinzón,Daniel Felipe,"Pardo Pinzón, Daniel Felipe",https://research-hub.urosario.edu.co/display/daniel-felipe-pardo-pinzon,Escuela de Medicina y Ciencias de la Salud,Docente clínico y de prácticas,https://research-hub.urosario.edu.co/file/n33341/thumbnail_daniel_felipe_pardo.jpg,daniel-felipe-pardo-pinzon,json_profesores/daniel-felipe-pardo-pinzon.json
Parra Benítez,Julián David,"Parra Benítez, Julián David",https://research-hub.urosario.edu.co/display/julian-david-parra-benitez,Facultad de Jurisprudencia,Profesor cátedra posgrado,,julian-david-parra-benitez,json_profesores/julian-david-parra-benitez.json
Parra Castellanos,Óscar Javier,"Parra Castellanos, Óscar Javier",https://research-hub.urosario.edu.co/display/oscar-javier-parra-castellanos,"Escuela de Estudios Sociales, Políticos e Internacionales",Profesor docencia y práctica,https://research-hub.urosario.edu.co/file/n18252/thumbnail_OSCAR_PARRA.jpg,oscar-javier-parra-castellanos,json_profesores/oscar-javier-parra-castellanos.json
Patarroyo Gutiérrez,Carlos Gustavo,"Patarroyo Gutiérrez, Carlos Gustavo",https://research-hub.urosario.edu.co/display/carlos-gustavo-patarroyo-gutierrez,"Escuela de Estudios Sociales, Políticos e Internacionales",Director Artes Liberales en Ciencias Sociales,https://research-hub.urosario.edu.co/file/n5825/thumbnail_carlos-gustavo-patarroyo.jpg,carlos-gustavo-patarroyo-gutierrez,json_profesores/carlos-gustavo-patarroyo-gutierrez.json
Pedrero Pardo,Julián Camilo,"Pedrero Pardo, Julián Camilo",https://research-hub.urosario.edu.co/display/julian-camilo-pedrero-pardo,Escuela de Administración,Profesor de docencia y práctica,https://research-hub.urosario.edu.co/file/n2743/thumbnail_julian+pedrero.jpg,julian-camilo-pedrero-pardo,json_profesores/julian-camilo-pedrero-pardo.json
Perdomo Alvarado,Mario Andrés,"Perdomo Alvarado, Mario Andrés",https://research-hub.urosario.edu.co/display/mario-andres-perdomo-alvarado,Escuela de Ciencias e Ingeniería,Profesor cátedra posgrado,https://research-hub.urosario.edu.co/file/n6607/thumbnail_mario+alvarado.jpg,mario-andres-perdomo-alvarado,json_profesores/mario-andres-perdomo-alvarado.json
Perdomo Hernández,Mónica Mildred,"Perdomo Hernández, Mónica Mildred",https://research-hub.urosario.edu.co/display/monica-mildred-perdomo-hernandez,Escuela de Medicina y Ciencias de la Salud,Profesor auxiliar de carrera,https://research-hub.urosario.edu.co/file/n11379/thumbnail_Captura+de+pantalla+2026-03-24+135539.jpg,monica-mildred-perdomo-hernandez,json_profesores/monica-mildred-perdomo-hernandez.json
Pernett Carvajal,Angie Melissa,"Pernett Carvajal, Angie Melissa",https://research-hub.urosario.edu.co/display/angie-melissa-pernett-carvajal,Escuela de Medicina y Ciencias de la Salud,Docente clínico y de prácticas,https://research-hub.urosario.edu.co/file/n96072/thumbnail_Captura+de+pantalla+2025-11-24+082956.jpg,angie-melissa-pernett-carvajal,json_profesores/angie-melissa-pernett-carvajal.json
Peña Castro,Camilo Eduardo,"Peña Castro, Camilo Eduardo",https://research-hub.urosario.edu.co/display/camilo-eduardo-pena-castro,Escuela de Medicina y Ciencias de la Salud,Docente clínico y de prácticas,,camilo-eduardo-pena-castro,json_profesores/camilo-eduardo-pena-castro.json
Peña Huertas,Rocío del Pilar,"Peña Huertas, Rocío del Pilar",https://research-hub.urosario.edu.co/display/rocio-del-pilar-pena-huertas,Facultad de Jurisprudencia,Profesor auxiliar de carrera,https://research-hub.urosario.edu.co/file/n22848/thumbnail_pena+huertas.jpg,rocio-del-pilar-pena-huertas,json_profesores/rocio-del-pilar-pena-huertas.json
Peña Peña,Adwar  Arley,"Peña Peña, Adwar  Arley ",https://research-hub.urosario.edu.co/display/adwar-arley-pena-pena,Escuela de Medicina y Ciencias de la Salud,Docente clínico y de prácticas,https://research-hub.urosario.edu.co/file/n11144/thumbnail_pena+pena.jpg,adwar-arley-pena-pena,json_profesores/adwar-arley-pena-pena.json
Peñaranda Contreras,Leandro Javier,"Peñaranda Contreras, Leandro Javier",https://research-hub.urosario.edu.co/display/leandro-javier-penaranda-contreras,"Escuela de Estudios Sociales, Políticos e Internacionales",Profesor de docencia y práctica,https://research-hub.urosario.edu.co/file/n9471/thumbnail_leandro-penaranda.jpg,leandro-javier-penaranda-contreras,json_profesores/leandro-javier-penaranda-contreras.json
Peñaranda Saavedra,Ángela María,"Peñaranda Saavedra, Ángela María",https://research-hub.urosario.edu.co/display/angela-maria-penaranda-saavedra,Escuela de Medicina y Ciencias de la Salud,Profesor auxiliar de carrera,https://research-hub.urosario.edu.co/file/n11501/thumbnail_amp.jpg,angela-maria-penaranda-saavedra,json_profesores/angela-maria-penaranda-saavedra.json
Pineda Maldonado,María Angélica,"Pineda Maldonado, María Angélica",https://research-hub.urosario.edu.co/display/maria-angelica-pineda-maldonado,Escuela de Medicina y Ciencias de la Salud,Docente clínico y de prácticas,https://research-hub.urosario.edu.co/file/n12810/thumbnail_Captura+de+pantalla+2025-11-24+105550.jpg,maria-angelica-pineda-maldonado,json_profesores/maria-angelica-pineda-maldonado.json
Pineda Ovalle,Luis  Fernando,"Pineda Ovalle, Luis  Fernando",https://research-hub.urosario.edu.co/display/luis-fernando-pineda-ovalle,Escuela de Medicina y Ciencias de la Salud,Docente clínico y de prácticas,https://research-hub.urosario.edu.co/file/n6483/thumbnail_7486225e213dd9354dae61b30ffffacf.jpg,luis-fernando-pineda-ovalle,json_profesores/luis-fernando-pineda-ovalle.json
Pinilla Baer,Jairo Manuel,"Pinilla Baer, Jairo Manuel",https://research-hub.urosario.edu.co/display/jairo-manuel-pinilla-baer,Escuela de Medicina y Ciencias de la Salud,Docente clínico y de prácticas,,jairo-manuel-pinilla-baer,json_profesores/jairo-manuel-pinilla-baer.json
Pino Ricci,Eduardo,"Pino Ricci, Eduardo",https://research-hub.urosario.edu.co/display/eduardo-pino-ricci,Escuela de Medicina y Ciencias de la Salud,Instructor,https://research-hub.urosario.edu.co/file/n289/thumbnail_Pino+Ricci%2C+Eduardo.jpg,eduardo-pino-ricci,json_profesores/eduardo-pino-ricci.json
Pinto Bustamante,Boris Julián,"Pinto Bustamante, Boris Julián",https://research-hub.urosario.edu.co/display/boris-julian-pinto-bustamante,Escuela de Medicina y Ciencias de la Salud,Profesor principal de carrera,https://research-hub.urosario.edu.co/file/n32299/thumbnail_Pinto.jpg,boris-julian-pinto-bustamante,json_profesores/boris-julian-pinto-bustamante.json
Pinto Hernández,Sergio Andrés,"Pinto Hernández, Sergio Andrés",https://research-hub.urosario.edu.co/display/sergio-andres-pinto-hernandez,Escuela de Medicina y Ciencias de la Salud,Docente clínico y de prácticas,,sergio-andres-pinto-hernandez,json_profesores/sergio-andres-pinto-hernandez.json
Pinzón Rondón,Ángela María,"Pinzón Rondón, Ángela María",https://research-hub.urosario.edu.co/display/angela-maria-pinzon-rondon,Escuela de Medicina y Ciencias de la Salud,Profesor titular de carrera,https://research-hub.urosario.edu.co/file/n14396/thumbnail_angela+pinzon.jpg,angela-maria-pinzon-rondon,json_profesores/angela-maria-pinzon-rondon.json
Pira Paredes,José Luis,"Pira Paredes, José Luis",https://research-hub.urosario.edu.co/display/jose-luis-pira-paredes,Escuela de Medicina y Ciencias de la Salud,Docente clínico y de prácticas,,jose-luis-pira-paredes,json_profesores/jose-luis-pira-paredes.json
Pizarro Gómez,Camilo Ernesto,"Pizarro Gómez, Camilo Ernesto",https://research-hub.urosario.edu.co/display/camilo-ernesto-pizarro-gomez,Escuela de Medicina y Ciencias de la Salud,Docente clínico y de prácticas,https://research-hub.urosario.edu.co/file/n6850/thumbnail_Captura+de+pantalla+2025-11-26+102627.jpg,camilo-ernesto-pizarro-gomez,json_profesores/camilo-ernesto-pizarro-gomez.json
Piñeros Chávez,Laura,"Piñeros Chávez, Laura",https://research-hub.urosario.edu.co/display/laura-pineros-chavez,Escuela de Medicina y Ciencias de la Salud,Docente clínico y de prácticas,https://research-hub.urosario.edu.co/file/n7162/thumbnail_silueta+mujer+hub.jpg,laura-pineros-chavez,json_profesores/laura-pineros-chavez.json
Piñeros Espinosa,Rafael Alejandro,"Piñeros Espinosa, Rafael Alejandro",https://research-hub.urosario.edu.co/display/rafael-alejandro-pineros-espinosa,Escuela de Administración,Director Escuela Doctoral,https://research-hub.urosario.edu.co/file/n43220/thumbnail_Pi%C3%B1eros.jpg,rafael-alejandro-pineros-espinosa,json_profesores/rafael-alejandro-pineros-espinosa.json
Piñeros Hernández,Laura Bibiana,"Piñeros Hernández, Laura Bibiana",https://research-hub.urosario.edu.co/display/laura-bibiana-pineros-hernandez,Escuela de Medicina y Ciencias de la Salud,Profesor de docencia y práctica,https://research-hub.urosario.edu.co/file/n3121/thumbnail_laura+pi%C3%B1eros.jpg,laura-bibiana-pineros-hernandez,json_profesores/laura-bibiana-pineros-hernandez.json
Piñol Arévalo,Alejandro,"Piñol Arévalo, Alejandro",https://research-hub.urosario.edu.co/display/alejandro-pinol-arevalo,Facultad de Creación,Profesor principal de carrera,https://research-hub.urosario.edu.co/file/n7204/thumbnail_Alejandro+Pinol.jpg,alejandro-pinol-arevalo,json_profesores/alejandro-pinol-arevalo.json
Pohl Valero,Stefan,"Pohl Valero, Stefan",https://research-hub.urosario.edu.co/display/stefan-pohl-valero,Escuela de Medicina y Ciencias de la Salud,Profesor asociado de carrera,https://research-hub.urosario.edu.co/file/n28978/thumbnail_Pohl.jpg,stefan-pohl-valero,json_profesores/stefan-pohl-valero.json
Posada Cortázar,Andrés,"Posada Cortázar, Andrés",https://research-hub.urosario.edu.co/display/andres-posada-cortazar,Escuela de Ciencias e Ingeniería,Profesor cátedra posgrado,https://research-hub.urosario.edu.co/file/n6278/thumbnail_andresposada.jpg,andres-posada-cortazar,json_profesores/andres-posada-cortazar.json
Posada Hostettler,Juan Manuel Roberto,"Posada Hostettler, Juan Manuel Roberto",https://research-hub.urosario.edu.co/display/juan-manuel-roberto-posada-hostettler,Escuela de Ciencias e Ingeniería,Profesor titular de carrera,https://research-hub.urosario.edu.co/file/n44262/thumbnail_Posada.jpg,juan-manuel-roberto-posada-hostettler,json_profesores/juan-manuel-roberto-posada-hostettler.json
Prieto Ríos,Enrique Alberto,"Prieto Ríos, Enrique Alberto",https://research-hub.urosario.edu.co/display/enrique-alberto-prieto-rios,Facultad de Jurisprudencia,Profesor asociado de carrera,https://research-hub.urosario.edu.co/file/n28674/thumbnail_Enrique-Alberto-Prieto-R%C3%ADos-Headshot.jpg,enrique-alberto-prieto-rios,json_profesores/enrique-alberto-prieto-rios.json
Puentes Amezquita,Alejandro,"Puentes Amezquita, Alejandro",https://research-hub.urosario.edu.co/display/alejandro-puentes-amezquita,Facultad de Creación,Profesor principal de carrera,https://research-hub.urosario.edu.co/file/n1684/thumbnail_Alejandro+Puentes.jpg,alejandro-puentes-amezquita,json_profesores/alejandro-puentes-amezquita.json
Puentes Venegas,Lesli  Dayana,"Puentes Venegas, Lesli  Dayana",https://research-hub.urosario.edu.co/display/lesli-dayana-puentes-venegas,Escuela de Medicina y Ciencias de la Salud,Docente clínico y de prácticas,https://research-hub.urosario.edu.co/file/n16334/thumbnail_1694826383584.jpg,lesli-dayana-puentes-venegas,json_profesores/lesli-dayana-puentes-venegas.json
Pulido Santacruz,Paola,"Pulido Santacruz, Paola",https://research-hub.urosario.edu.co/display/paola-pulido-santacruz,Escuela de Ciencias e Ingeniería,Profesor principal de carrera,https://research-hub.urosario.edu.co/file/n15181/thumbnail_Paola_IMG_3246_BlurBackground.jpg,paola-pulido-santacruz,json_profesores/paola-pulido-santacruz.json
Páez Montaña,Nidia Liliana,"Páez Montaña, Nidia Liliana",https://research-hub.urosario.edu.co/display/nidia-liliana-paez-montana,Escuela de Medicina y Ciencias de la Salud,Docente clínico y de prácticas,https://research-hub.urosario.edu.co/file/n35561/thumbnail_Captura+de+pantalla+2026-01-21+112743.jpg,nidia-liliana-paez-montana,json_profesores/nidia-liliana-paez-montana.json
Páez Valdez,Julián Enrique,"Páez Valdez, Julián Enrique",https://research-hub.urosario.edu.co/display/julian-enrique-paez-valdez,Escuela de Administración,Director de Comunicaciones y Marketing,https://research-hub.urosario.edu.co/file/n14543/thumbnail_JULIAN+ENRIQUE+PAEZ+VALDEZ.jpg,julian-enrique-paez-valdez,json_profesores/julian-enrique-paez-valdez.json
Pájaro Moreno,Nicolás,"Pájaro Moreno, Nicolás",https://research-hub.urosario.edu.co/display/nicolas-pajaro-moreno,Facultad de Jurisprudencia,Profesor principal de carrera,https://research-hub.urosario.edu.co/file/n6309/thumbnail_nicolas+pajaro.jpg,nicolas-pajaro-moreno,json_profesores/nicolas-pajaro-moreno.json
Pérez Acosta,Andrés Manuel,"Pérez Acosta, Andrés Manuel",https://research-hub.urosario.edu.co/display/andres-manuel-perez-acosta,Escuela de Medicina y Ciencias de la Salud,Profesor titular de carrera,https://research-hub.urosario.edu.co/file/n15371/thumbnail_Perez.jpg,andres-manuel-perez-acosta,json_profesores/andres-manuel-perez-acosta.json
Pérez Franco,Jairo Enrique,"Pérez Franco, Jairo Enrique",https://research-hub.urosario.edu.co/display/jairo-enrique-perez-franco,Escuela de Medicina y Ciencias de la Salud,Docente clínico y de prácticas,https://research-hub.urosario.edu.co/file/n362/thumbnail_jairo+perez.jpg,jairo-enrique-perez-franco,json_profesores/jairo-enrique-perez-franco.json
Pérez Gordillo,Andrés Mauricio,"Pérez Gordillo, Andrés Mauricio",https://research-hub.urosario.edu.co/display/andres-mauricio-perez-gordillo,Escuela de Ciencias e Ingeniería,Profesor asistente de carrera,https://research-hub.urosario.edu.co/file/n15274/thumbnail_andres-mauricio-perez-gordillo-hub.jpg,andres-mauricio-perez-gordillo,json_profesores/andres-mauricio-perez-gordillo.json
Pérez Pinto,Francisco Javier,"Pérez Pinto, Francisco Javier",https://research-hub.urosario.edu.co/display/francisco-javier-perez-pinto,Escuela de Medicina y Ciencias de la Salud,Docente clínico y de prácticas,,francisco-javier-perez-pinto,json_profesores/francisco-javier-perez-pinto.json
Quesada,Benjamín Raphael,"Quesada, Benjamín Raphael",https://research-hub.urosario.edu.co/display/benjamin-raphael-quesada,Escuela de Ciencias e Ingeniería,Profesor asociado de carrera,https://research-hub.urosario.edu.co/file/n8917/thumbnail_benjamin_quesada.jpg,benjamin-raphael-quesada,json_profesores/benjamin-raphael-quesada.json
Quevedo Gómez,María Cristina,"Quevedo Gómez, María Cristina",https://research-hub.urosario.edu.co/display/maria-cristina-quevedo-gomez,Escuela de Medicina y Ciencias de la Salud,Profesor de docencia y práctica,https://research-hub.urosario.edu.co/file/n15635/thumbnail_maria+cristina+quevedo.jpg,maria-cristina-quevedo-gomez,json_profesores/maria-cristina-quevedo-gomez.json
Quevedo Vélez,Emilio,"Quevedo Vélez, Emilio",https://research-hub.urosario.edu.co/display/emilio-quevedo-velez,Escuela de Medicina y Ciencias de la Salud,Profesor adjunto,https://research-hub.urosario.edu.co/file/n3104/thumbnail_Quevede.jpg,emilio-quevedo-velez,json_profesores/emilio-quevedo-velez.json
Quijano Muñoz,Claudia Lorena,"Quijano Muñoz, Claudia Lorena",https://research-hub.urosario.edu.co/display/claudia-lorena-quijano-munoz,Escuela de Medicina y Ciencias de la Salud,Docente clínico y de prácticas,https://research-hub.urosario.edu.co/file/n10388/thumbnail_silueta+mujer+hub.jpg,claudia-lorena-quijano-munoz,json_profesores/claudia-lorena-quijano-munoz.json
Quintero Gacha,Adriana Milena,"Quintero Gacha, Adriana Milena",https://research-hub.urosario.edu.co/display/adriana-milena-quintero-gacha,Escuela de Medicina y Ciencias de la Salud,Docente clínico y de prácticas,https://research-hub.urosario.edu.co/file/n7359/thumbnail_Captura+de+pantalla+2025-11-24+105550.jpg,adriana-milena-quintero-gacha,json_profesores/adriana-milena-quintero-gacha.json
Quintero Gutiérrez,Daniel Eduardo,"Quintero Gutiérrez, Daniel Eduardo",https://research-hub.urosario.edu.co/display/daniel-eduardo-quintero-gutierrez,Escuela de Medicina y Ciencias de la Salud,Docente clínico y de prácticas,,daniel-eduardo-quintero-gutierrez,json_profesores/daniel-eduardo-quintero-gutierrez.json
Quintero Osorio,María Fernanda,"Quintero Osorio, María Fernanda",https://research-hub.urosario.edu.co/display/maria-fernanda-quintero-osorio,Escuela de Medicina y Ciencias de la Salud,Docente clínico y de prácticas,https://research-hub.urosario.edu.co/file/n14755/thumbnail_1628862836732.jpg,maria-fernanda-quintero-osorio,json_profesores/maria-fernanda-quintero-osorio.json
Quiroga Díaz,Leidy Vivian,"Quiroga Díaz, Leidy Vivian",https://research-hub.urosario.edu.co/display/leidy-vivian-quiroga-diaz,Escuela de Medicina y Ciencias de la Salud,Instructor,https://research-hub.urosario.edu.co/file/n5655/thumbnail_silueta+mujer.jpg,leidy-vivian-quiroga-diaz,json_profesores/leidy-vivian-quiroga-diaz.json
Ramos Caballero,Diana Marcela,"Ramos Caballero, Diana Marcela",https://research-hub.urosario.edu.co/display/diana-marcela-ramos-caballero,Escuela de Medicina y Ciencias de la Salud,Profesor asociado de carrera,https://research-hub.urosario.edu.co/file/n9835/thumbnail_diana_ramos.jpg,diana-marcela-ramos-caballero,json_profesores/diana-marcela-ramos-caballero.json
Ramos Pismataro,Francesca,"Ramos Pismataro, Francesca",https://research-hub.urosario.edu.co/display/francesca-ramos-pismataro,"Escuela de Estudios Sociales, Políticos e Internacionales",Profesor principal de carrera,https://research-hub.urosario.edu.co/file/n11134/thumbnail_Ramos.jpg,francesca-ramos-pismataro,json_profesores/francesca-ramos-pismataro.json
Ramírez Blanco,Mónica Alexandra,"Ramírez Blanco, Mónica Alexandra",https://research-hub.urosario.edu.co/display/monica-alexandra-ramirez-blanco,Escuela de Medicina y Ciencias de la Salud,Docente clínico y de prácticas,https://research-hub.urosario.edu.co/file/n26595/thumbnail_Captura+de+pantalla+2025-11-26+113552.jpg,monica-alexandra-ramirez-blanco,json_profesores/monica-alexandra-ramirez-blanco.json
Ramírez Carrillo,Gonzálo,"Ramírez Carrillo, Gonzálo",https://research-hub.urosario.edu.co/display/gonzalo-ramirez-carrillo,Facultad de Economía,Profesor de cátedra posgrado,,gonzalo-ramirez-carrillo,json_profesores/gonzalo-ramirez-carrillo.json
Ramírez Clavijo,Sandra Rocío,"Ramírez Clavijo, Sandra Rocío",https://research-hub.urosario.edu.co/display/sandra-rocio-ramirez-clavijo,Escuela de Ciencias e Ingeniería,Profesor titular de carrera,https://research-hub.urosario.edu.co/file/n15330/thumbnail_Ramirez.jpg,sandra-rocio-ramirez-clavijo,json_profesores/sandra-rocio-ramirez-clavijo.json
Ramírez González,Juan David,"Ramírez González, Juan David",https://research-hub.urosario.edu.co/display/juan-david-ramirez-gonzalez,Escuela de Ciencias e Ingeniería,Profesor titular de carrera,https://research-hub.urosario.edu.co/file/n1241/thumbnail_thumbnail_juandavidramirez-1.jpg,juan-david-ramirez-gonzalez,json_profesores/juan-david-ramirez-gonzalez.json
Ramírez Herrera,Laura,"Ramírez Herrera, Laura",https://research-hub.urosario.edu.co/display/laura-ramirez-herrera,Escuela de Medicina y Ciencias de la Salud,Docente clínico y de prácticas,https://research-hub.urosario.edu.co/file/n108363/thumbnail_silueta+mujer+hub.jpg,laura-ramirez-herrera,json_profesores/laura-ramirez-herrera.json
Ramírez Martínez,John Alexander,"Ramírez Martínez, John Alexander",https://research-hub.urosario.edu.co/display/john-alexander-ramirez-martinez,Escuela de Medicina y Ciencias de la Salud,Docente clínico y de prácticas,https://research-hub.urosario.edu.co/file/n22203/thumbnail_Ram%C3%ADrez+Mart%C3%ADnez%2C+John+Alexander.jpg,john-alexander-ramirez-martinez,json_profesores/john-alexander-ramirez-martinez.json
Ramírez Rueda,Luisa Fernanda,"Ramírez Rueda, Luisa Fernanda",https://research-hub.urosario.edu.co/display/luisa-fernanda-ramirez-rueda,Escuela de Medicina y Ciencias de la Salud,Profesor asociado de carrera,https://research-hub.urosario.edu.co/file/n7943/thumbnail_Captura+de+pantalla+2026-03-24+140906.jpg,luisa-fernanda-ramirez-rueda,json_profesores/luisa-fernanda-ramirez-rueda.json
Ramírez Santana,Heily Carolina,"Ramírez Santana, Heily Carolina",https://research-hub.urosario.edu.co/display/heily-carolina-ramirez-santana,Escuela de Medicina y Ciencias de la Salud,Directora del CREA,https://research-hub.urosario.edu.co/file/n13894/thumbnail_Carolina+ramirez+-+copia.jpg,heily-carolina-ramirez-santana,json_profesores/heily-carolina-ramirez-santana.json
Rendón Quintero,Mauricio Eduardo,"Rendón Quintero, Mauricio Eduardo",https://research-hub.urosario.edu.co/display/mauricio-eduardo-rendon-quintero,Escuela de Medicina y Ciencias de la Salud,Profesor auxiliar de carrera,https://research-hub.urosario.edu.co/file/n2623/thumbnail_Rendon.jpg,mauricio-eduardo-rendon-quintero,json_profesores/mauricio-eduardo-rendon-quintero.json
Restrepo Fallón,Ana María,"Restrepo Fallón, Ana María",https://research-hub.urosario.edu.co/display/ana-maria-restrepo-fallon,Decanatura del Medio Universitario,Decana,https://research-hub.urosario.edu.co/file/n3527/thumbnail_Ana+Maria+restrepo.jpg,ana-maria-restrepo-fallon,json_profesores/ana-maria-restrepo-fallon.json
Restrepo Fernández,Carlos Martin,"Restrepo Fernández, Carlos Martin",https://research-hub.urosario.edu.co/display/carlos-martin-restrepo-fernandez,Escuela de Medicina y Ciencias de la Salud,Profesor adjunto,https://research-hub.urosario.edu.co/file/n20965/thumbnail_Restrepo.jpg,carlos-martin-restrepo-fernandez,json_profesores/carlos-martin-restrepo-fernandez.json
Restrepo Medina,Manuel Alberto,"Restrepo Medina, Manuel Alberto",https://research-hub.urosario.edu.co/display/manuel-alberto-restrepo-medina,Facultad de Jurisprudencia,Director Doctorado en Derecho,https://research-hub.urosario.edu.co/file/n11984/thumbnail_Restrepo.jpg,manuel-alberto-restrepo-medina,json_profesores/manuel-alberto-restrepo-medina.json
Revelli Parra,Dante Mauricio,"Revelli Parra, Dante Mauricio",https://research-hub.urosario.edu.co/display/dante-mauricio-revelli-parra,Escuela de Medicina y Ciencias de la Salud,Instructor,https://research-hub.urosario.edu.co/file/n8343/thumbnail_dante+revelli.jpg,dante-mauricio-revelli-parra,json_profesores/dante-mauricio-revelli-parra.json
Revelo Rebolledo,Javier Eduardo,"Revelo Rebolledo, Javier Eduardo",https://research-hub.urosario.edu.co/display/javier-eduardo-revelo-rebolledo,"Escuela de Estudios Sociales, Políticos e Internacionales",Profesor principal de carrera,https://research-hub.urosario.edu.co/file/n9139/thumbnail_JAVIER+REVELO.jpg,javier-eduardo-revelo-rebolledo,json_profesores/javier-eduardo-revelo-rebolledo.json
Reyes González,Ernesto,"Reyes González, Ernesto",https://research-hub.urosario.edu.co/display/ernesto-reyes-gonzalez,Escuela de Medicina y Ciencias de la Salud,Docente clínico y de prácticas,,ernesto-reyes-gonzalez,json_profesores/ernesto-reyes-gonzalez.json
Reyes Ortiz,Giovanni Efraín,"Reyes Ortiz, Giovanni Efraín",https://research-hub.urosario.edu.co/display/giovanni-efrain-reyes-ortiz,Escuela de Administración,Profesor titular de carrera,https://research-hub.urosario.edu.co/file/n10910/thumbnail_Reyes.jpg,giovanni-efrain-reyes-ortiz,json_profesores/giovanni-efrain-reyes-ortiz.json
Reyes Rozo,Ana María,"Reyes Rozo, Ana María",https://research-hub.urosario.edu.co/display/ana-maria-reyes-rozo,Escuela de Medicina y Ciencias de la Salud,Profesor de docencia y práctica,https://research-hub.urosario.edu.co/file/n23638/thumbnail_Foto+perfil+AMRR.jpg,ana-maria-reyes-rozo,json_profesores/ana-maria-reyes-rozo.json
Riaño Galvis,Oscar Eduardo,"Riaño Galvis, Oscar Eduardo",https://research-hub.urosario.edu.co/display/oscar-eduardo-riano-galvis,Escuela de Medicina y Ciencias de la Salud,Docente clínico y de prácticas,https://research-hub.urosario.edu.co/file/n30378/thumbnail_Captura+de+pantalla+2025-10-17+121045.jpg,oscar-eduardo-riano-galvis,json_profesores/oscar-eduardo-riano-galvis.json
Rico Gutiérrez,Iván Felipe,"Rico Gutiérrez, Iván Felipe",https://research-hub.urosario.edu.co/display/ivan-felipe-rico-gutierrez,Facultad de Economía,Profesor de docencia y práctica,https://research-hub.urosario.edu.co/file/n11522/thumbnail_rico.jpg,ivan-felipe-rico-gutierrez,json_profesores/ivan-felipe-rico-gutierrez.json
Rincón Cárdenas,Erick Richard Alexis,"Rincón Cárdenas, Erick Richard Alexis",https://research-hub.urosario.edu.co/display/erick-richard-alexis-rincon-cardenas,Facultad de Jurisprudencia,Decano,https://research-hub.urosario.edu.co/file/n2116/thumbnail_erick.jpg,erick-richard-alexis-rincon-cardenas,json_profesores/erick-richard-alexis-rincon-cardenas.json
Rincón Ramírez,Heiner Ferley,"Rincón Ramírez, Heiner Ferley",https://research-hub.urosario.edu.co/display/heiner-ferley-rincon-ramirez,Facultad de Economía,Profesor de cátedra posgrado,https://research-hub.urosario.edu.co/file/n16346/thumbnail_heiner+rincon.jpg,heiner-ferley-rincon-ramirez,json_profesores/heiner-ferley-rincon-ramirez.json
Rivera Amezquita,Laura Victoria,"Rivera Amezquita, Laura Victoria",https://research-hub.urosario.edu.co/display/laura-victoria-rivera-amezquita,Escuela de Medicina y Ciencias de la Salud,Profesor principal de carrera,https://research-hub.urosario.edu.co/file/n60428/thumbnail_laura_rivera.jpg,laura-victoria-rivera-amezquita,json_profesores/laura-victoria-rivera-amezquita.json
Rivera Rodríguez,Hugo Alberto,"Rivera Rodríguez, Hugo Alberto",https://research-hub.urosario.edu.co/display/hugo-alberto-rivera-rodriguez,Escuela de Administración,Profesor asociado de carrera,https://research-hub.urosario.edu.co/file/n1542/thumbnail_Hugo+Rivera_1.jpg,hugo-alberto-rivera-rodriguez,json_profesores/hugo-alberto-rivera-rodriguez.json
Rivero Rapalino,Oscar Mauricio,"Rivero Rapalino, Oscar Mauricio",https://research-hub.urosario.edu.co/display/oscar-mauricio-rivero-rapalino,Escuela de Medicina y Ciencias de la Salud,Profesor mérito,https://research-hub.urosario.edu.co/file/n4020/thumbnail_Rivero+Rapalino%2C+Oscar+Mauricio.jpg,oscar-mauricio-rivero-rapalino,json_profesores/oscar-mauricio-rivero-rapalino.json
Riveros Rivera,André Josafat,"Riveros Rivera, André Josafat",https://research-hub.urosario.edu.co/display/andre-josafat-riveros-rivera,Escuela de Ciencias e Ingeniería,Profesor asociado de carrera,https://research-hub.urosario.edu.co/file/n24452/thumbnail_andre+riveros.jpg,andre-josafat-riveros-rivera,json_profesores/andre-josafat-riveros-rivera.json
Roa Wandurraga,Luis Fernando,"Roa Wandurraga, Luis Fernando",https://research-hub.urosario.edu.co/display/luis-fernando-roa-wandurraga,Escuela de Medicina y Ciencias de la Salud,Docente clínico y de prácticas,https://research-hub.urosario.edu.co/file/n60467/thumbnail_Captura+de+pantalla+2025-11-25+091624.jpg,luis-fernando-roa-wandurraga,json_profesores/luis-fernando-roa-wandurraga.json
Robayo Pinzón,Óscar Javier,"Robayo Pinzón, Óscar Javier",https://research-hub.urosario.edu.co/display/oscar-javier-robayo-pinzon,Escuela de Administración,Director programa Marketing y Negocios Digitales,https://research-hub.urosario.edu.co/file/n3645/thumbnail_oscar+robayo+ur.jpg,oscar-javier-robayo-pinzon,json_profesores/oscar-javier-robayo-pinzon.json
Robayo Zamudio,Lilian Marcela,"Robayo Zamudio, Lilian Marcela",https://research-hub.urosario.edu.co/display/lilian-marcela-robayo-zamudio,"Escuela de Estudios Sociales, Políticos e Internacionales",Directora Licenciatura en Ciencias Sociales,https://research-hub.urosario.edu.co/file/n6523/thumbnail_lilian+robayo.jpg,lilian-marcela-robayo-zamudio,json_profesores/lilian-marcela-robayo-zamudio.json
Rodríguez Barbosa,Jorge Alberto,"Rodríguez Barbosa, Jorge Alberto",https://research-hub.urosario.edu.co/display/jorge-alberto-rodriguez-barbosa,Escuela de Medicina y Ciencias de la Salud,Docente clínico y de prácticas,,jorge-alberto-rodriguez-barbosa,json_profesores/jorge-alberto-rodriguez-barbosa.json
Rodríguez Burbano,Diana Consuelo,"Rodríguez Burbano, Diana Consuelo",https://research-hub.urosario.edu.co/display/diana-consuelo-rodriguez-burbano,Escuela de Medicina y Ciencias de la Salud,Profesor principal de carrera,https://research-hub.urosario.edu.co/file/n1159/thumbnail_BURBANO.jpg,diana-consuelo-rodriguez-burbano,json_profesores/diana-consuelo-rodriguez-burbano.json
Rodríguez Canas,Gonzalo Andrés,"Rodríguez Canas, Gonzalo Andrés",https://research-hub.urosario.edu.co/display/gonzalo-andres-rodriguez-canas,Escuela de Administración,Profesor cátedra,https://research-hub.urosario.edu.co/file/n7165/thumbnail_Gonzalo+Andr%C3%A9s+Rodr%C3%ADguez+Ca%C3%B1as.jpg,gonzalo-andres-rodriguez-canas,json_profesores/gonzalo-andres-rodriguez-canas.json
Rodríguez Grande,Eliana Isabel,"Rodríguez Grande, Eliana Isabel",https://research-hub.urosario.edu.co/display/eliana-isabel-rodriguez-grande,Escuela de Medicina y Ciencias de la Salud,Profesor principal de carrera,https://research-hub.urosario.edu.co/file/n3940/thumbnail_Rodriguez.jpg,eliana-isabel-rodriguez-grande,json_profesores/eliana-isabel-rodriguez-grande.json
Rodríguez Ibagué,Luis Fernando,"Rodríguez Ibagué, Luis Fernando",https://research-hub.urosario.edu.co/display/luis-fernando-rodriguez-ibague,Escuela de Medicina y Ciencias de la Salud,Profesor principal de carrera,https://research-hub.urosario.edu.co/file/n1429/thumbnail_74341663.jpg,luis-fernando-rodriguez-ibague,json_profesores/luis-fernando-rodriguez-ibague.json
Rodríguez Jiménez,Mónica María del Pilar,"Rodríguez Jiménez, Mónica María del Pilar",https://research-hub.urosario.edu.co/display/monica-maria-del-pilar-rodriguez-jimenez,Escuela de Medicina y Ciencias de la Salud,Profesor asistente de carrera,https://research-hub.urosario.edu.co/file/n6998/thumbnail_Rodriguez.jpg,monica-maria-del-pilar-rodriguez-jimenez,json_profesores/monica-maria-del-pilar-rodriguez-jimenez.json
Rodríguez Latorre,José Francisco,"Rodríguez Latorre, José Francisco",https://research-hub.urosario.edu.co/display/jose-francisco-rodriguez-latorre,"Escuela de Estudios Sociales, Políticos e Internacionales",Profesor cátedra,https://research-hub.urosario.edu.co/file/n12261/thumbnail_francisco_latorre.jpg,jose-francisco-rodriguez-latorre,json_profesores/jose-francisco-rodriguez-latorre.json
Rodríguez Lesmes,Paul Andrés,"Rodríguez Lesmes, Paul Andrés",https://research-hub.urosario.edu.co/display/paul-andres-rodriguez-lesmes,Facultad de Economía,Profesor asociado de carrera,https://research-hub.urosario.edu.co/file/n12660/thumbnail_paul+lesmes.jpg,paul-andres-rodriguez-lesmes,json_profesores/paul-andres-rodriguez-lesmes.json
Rodríguez López,Edwin Alexander,"Rodríguez López, Edwin Alexander",https://research-hub.urosario.edu.co/display/edwin-alexander-rodriguez-lopez,Escuela de Medicina y Ciencias de la Salud,Profesor principal de carrera,https://research-hub.urosario.edu.co/file/n9494/thumbnail_Foto+hUB2.jpg.jpg,edwin-alexander-rodriguez-lopez,json_profesores/edwin-alexander-rodriguez-lopez.json
Rodríguez Martín,Jaime,"Rodríguez Martín, Jaime",https://research-hub.urosario.edu.co/display/jaime-rodriguez-martin,Escuela de Medicina y Ciencias de la Salud,Docente clínico y de prácticas,,jaime-rodriguez-martin,json_profesores/jaime-rodriguez-martin.json
Rodríguez Morales,Federmán Antonio,"Rodríguez Morales, Federmán Antonio",https://research-hub.urosario.edu.co/display/federman-antonio-rodriguez-morales,"Escuela de Estudios Sociales, Políticos e Internacionales",Profesor asociado de carrera,https://research-hub.urosario.edu.co/file/n5934/thumbnail_Rodriguez.jpg,federman-antonio-rodriguez-morales,json_profesores/federman-antonio-rodriguez-morales.json
Rodríguez Nieto,Oscar Adolfo,"Rodríguez Nieto, Oscar Adolfo",https://research-hub.urosario.edu.co/display/oscar-adolfo-rodriguez-nieto,Facultad de Economía,Profesor de cátedra posgrado,,oscar-adolfo-rodriguez-nieto,json_profesores/oscar-adolfo-rodriguez-nieto.json
Rodríguez Novoa,Daniela,"Rodríguez Novoa, Daniela",https://research-hub.urosario.edu.co/display/daniela-rodriguez-novoa,Facultad de Economía,Profesor de cátedra posgrado,https://research-hub.urosario.edu.co/file/n3103/thumbnail_silueta+mujer.jpg,daniela-rodriguez-novoa,json_profesores/daniela-rodriguez-novoa.json
Rodríguez Rondón,Flora Violeta,"Rodríguez Rondón, Flora Violeta",https://research-hub.urosario.edu.co/display/flora-rodriguez-rondon,Vicerrectoría Académica,Profesor asistente de carrera,https://research-hub.urosario.edu.co/file/n3405/thumbnail_flora_rodriguez.jpg,flora-rodriguez-rondon,json_profesores/flora-rodriguez-rondon.json
Rodríguez Yong,Camilo Andrés,"Rodríguez Yong, Camilo Andrés",https://research-hub.urosario.edu.co/display/camilo-andres-rodriguez-yong,Facultad de Jurisprudencia,Profesor asociado de carrera,https://research-hub.urosario.edu.co/file/n4815/thumbnail_camilo_andres_rodriguez_yong_1.jpg,camilo-andres-rodriguez-yong,json_profesores/camilo-andres-rodriguez-yong.json
Rojas Quintana,Manuel Eduardo,"Rojas Quintana, Manuel Eduardo",https://research-hub.urosario.edu.co/display/manuel-eduardo-rojas-quintana,Escuela de Medicina y Ciencias de la Salud,Profesor asistente de carrera,https://research-hub.urosario.edu.co/file/n8503/thumbnail_Rojas.jpg,manuel-eduardo-rojas-quintana,json_profesores/manuel-eduardo-rojas-quintana.json
Rojas Silva,Claudia Patricia,"Rojas Silva, Claudia Patricia",https://research-hub.urosario.edu.co/display/claudia-patricia-rojas-silva,Escuela de Medicina y Ciencias de la Salud,Instructor,https://research-hub.urosario.edu.co/file/n6976/thumbnail_silueta+mujer.jpg,claudia-patricia-rojas-silva,json_profesores/claudia-patricia-rojas-silva.json
Rojas Villamil,Héctor David,"Rojas Villamil, Héctor David",https://research-hub.urosario.edu.co/display/hector-david-rojas-villamil,Facultad de Jurisprudencia,Profesor principal de carrera,https://research-hub.urosario.edu.co/file/n24951/thumbnail_hector-david-rojas-villamil.jpg,hector-david-rojas-villamil,json_profesores/hector-david-rojas-villamil.json
Romero Steevens,Mauricio,"Romero Steevens, Mauricio",https://research-hub.urosario.edu.co/display/mauricio-romero-steevens,Escuela de Medicina y Ciencias de la Salud,Docente clínico y de prácticas,,mauricio-romero-steevens,json_profesores/mauricio-romero-steevens.json
Rozo Reyes,Claudia Marcela,"Rozo Reyes, Claudia Marcela",https://research-hub.urosario.edu.co/display/claudia-marcela-rozo-reyes,Escuela de Medicina y Ciencias de la Salud,Vicedecana académica,https://research-hub.urosario.edu.co/file/n13267/thumbnail_Rozo.jpg,claudia-marcela-rozo-reyes,json_profesores/claudia-marcela-rozo-reyes.json
Rueda Ortiz,Camilo Andrés,"Rueda Ortiz, Camilo Andrés",https://research-hub.urosario.edu.co/display/camilo-andres-rueda-ortiz,Escuela de Medicina y Ciencias de la Salud,Docente clínico y de prácticas,,camilo-andres-rueda-ortiz,json_profesores/camilo-andres-rueda-ortiz.json
Rueda Serrano,Manuel Guillermo,"Rueda Serrano, Manuel Guillermo",https://research-hub.urosario.edu.co/display/manuel-guillermo-rueda-serrano,Facultad de Jurisprudencia,Profesor cátedra posgrado,https://research-hub.urosario.edu.co/file/n61028/thumbnail_dr-manuel-guillermo-rueda-serrano.jpg,manuel-guillermo-rueda-serrano,json_profesores/manuel-guillermo-rueda-serrano.json
Ruiz Díaz,Paola,"Ruiz Díaz, Paola",https://research-hub.urosario.edu.co/display/paola-ruiz-diaz,Escuela de Medicina y Ciencias de la Salud,Profesor principal de carrera,https://research-hub.urosario.edu.co/file/n15379/thumbnail_WhatsApp+Image+2025-08-08+at+9.03.33+AM.jpg,paola-ruiz-diaz,json_profesores/paola-ruiz-diaz.json
Ruiz Ramos,Cristhian Fabián,"Ruiz Ramos, Cristhian Fabián",https://research-hub.urosario.edu.co/display/cristhian-fabian-ruiz-ramos,Escuela de Administración,Director UR STEAM,https://research-hub.urosario.edu.co/file/n56127/thumbnail_fabian+ruiz.jpg,cristhian-fabian-ruiz-ramos,json_profesores/cristhian-fabian-ruiz-ramos.json
Ruiz Sternberg,Ángela María,"Ruiz Sternberg, Ángela María",https://research-hub.urosario.edu.co/display/angela-maria-ruiz-sternberg,Escuela de Medicina y Ciencias de la Salud,Profesor titular de carrera,https://research-hub.urosario.edu.co/file/n530/thumbnail_%C3%81NGELA+MAR%C3%8DA+RU%C3%8DZ+STERNBERG.jpg,angela-maria-ruiz-sternberg,json_profesores/angela-maria-ruiz-sternberg.json
Ruiz Vásquez,Juan Carlos,"Ruiz Vásquez, Juan Carlos",https://research-hub.urosario.edu.co/display/juan-carlos-ruiz-vasquez,"Escuela de Estudios Sociales, Políticos e Internacionales",Profesor titular de carrera,https://research-hub.urosario.edu.co/file/n9665/thumbnail_ruiz.jpg,juan-carlos-ruiz-vasquez,json_profesores/juan-carlos-ruiz-vasquez.json
Rusinque Gómez,Valeria Andrea,"Rusinque Gómez, Valeria Andrea",https://research-hub.urosario.edu.co/display/valeria-andrea-rusinque-gomez,Escuela de Medicina y Ciencias de la Salud,Profesor mérito,https://research-hub.urosario.edu.co/file/n8683/thumbnail_silueta+mujer.jpg,valeria-andrea-rusinque-gomez,json_profesores/valeria-andrea-rusinque-gomez.json
Saavedra Pineda,Santiago,"Saavedra Pineda, Santiago",https://research-hub.urosario.edu.co/display/santiago-saavedra-pineda,Facultad de Economía,Profesor asociado de carrera,https://research-hub.urosario.edu.co/file/n4284/thumbnail_Santiago+Saavedra+Pineda.jpg,santiago-saavedra-pineda,json_profesores/santiago-saavedra-pineda.json
Salas Silva,Ricardo,"Salas Silva, Ricardo",https://research-hub.urosario.edu.co/display/ricardo-salas-silva,Facultad de Economía,Profesor de cátedra posgrado,https://research-hub.urosario.edu.co/file/n24825/thumbnail_Salas+Silva%2C+Ricardo.jpg,ricardo-salas-silva,json_profesores/ricardo-salas-silva.json
Salazar Castillo,Juan David,"Salazar Castillo, Juan David",https://research-hub.urosario.edu.co/display/juan-david-salazar-castillo,Escuela de Administración,Profesor de docencia,,juan-david-salazar-castillo,json_profesores/juan-david-salazar-castillo.json
Salazar Clavijo,Camilo Andrés,"Salazar Clavijo, Camilo Andrés",https://research-hub.urosario.edu.co/display/camilo-andres-salazar-clavijo,Escuela de Ciencias e Ingeniería,Profesor titular de carrera,https://research-hub.urosario.edu.co/file/n1957/thumbnail_Captura+de+pantalla+2026-03-24+103522.jpg,camilo-andres-salazar-clavijo,json_profesores/camilo-andres-salazar-clavijo.json
Saldarriaga Cardona,Carolina,"Saldarriaga Cardona, Carolina",https://research-hub.urosario.edu.co/display/carolina-saldarriaga-cardona,Facultad de Creación,Profesor principal de carrera,https://research-hub.urosario.edu.co/file/n23851/thumbnail_Carolina+Saldarriaga+Cardona.jpg,carolina-saldarriaga-cardona,json_profesores/carolina-saldarriaga-cardona.json
Saldaña Medina,Caleb David,"Saldaña Medina, Caleb David",https://research-hub.urosario.edu.co/display/caleb-david-saldana-medina,Decanatura del Medio Universitario,Profesor asistente de carrera,https://research-hub.urosario.edu.co/file/n8817/thumbnail_CDS.jpg,caleb-david-saldana-medina,json_profesores/caleb-david-saldana-medina.json
Sanabria Rangel,José Mauricio,"Sanabria Rangel, José Mauricio",https://research-hub.urosario.edu.co/display/jose-mauricio-sanabria-rangel,Escuela de Administración,Profesor titular de carrera,https://research-hub.urosario.edu.co/file/n7368/thumbnail_MAURICIO+SANABRIA.jpg,jose-mauricio-sanabria-rangel,json_profesores/jose-mauricio-sanabria-rangel.json
Sandoval Sánchez,Viviana Angélica,"Sandoval Sánchez, Viviana Angélica",https://research-hub.urosario.edu.co/display/viviana-angelica-sandoval-sanchez,Decanatura del Medio Universitario,"Profesor cátedra
                        Profesor de docencia y práctica",https://research-hub.urosario.edu.co/file/n6519/thumbnail_Viviana+Sandoval+.jpg,viviana-angelica-sandoval-sanchez,json_profesores/viviana-angelica-sandoval-sanchez.json
Santacruz González,Martha Lucía,"Santacruz González, Martha Lucía",https://research-hub.urosario.edu.co/display/martha-lucia-santacruz-gonzalez,Escuela de Medicina y Ciencias de la Salud,Profesor auxiliar de carrera,https://research-hub.urosario.edu.co/file/n111/thumbnail_SANTACRUZ.jpg,martha-lucia-santacruz-gonzalez,json_profesores/martha-lucia-santacruz-gonzalez.json
Santamaría Chavarro,Ángela del Pilar,"Santamaría Chavarro, Ángela del Pilar",https://research-hub.urosario.edu.co/display/angela-del-pilar-santamaria-chavarro,Vicerrectoría Académica,Profesor titular de carrera,https://research-hub.urosario.edu.co/file/n6259/thumbnail_Santamaria.jpg,angela-del-pilar-santamaria-chavarro,json_profesores/angela-del-pilar-santamaria-chavarro.json
Santana Rodríguez,Yimy Alberto,"Santana Rodríguez, Yimy Alberto",https://research-hub.urosario.edu.co/display/yimy-alberto-santana-rodriguez,Escuela de Medicina y Ciencias de la Salud,Docente clínico y de prácticas,,yimy-alberto-santana-rodriguez,json_profesores/yimy-alberto-santana-rodriguez.json
Sanz Villate,Nancy Paola,"Sanz Villate, Nancy Paola",https://research-hub.urosario.edu.co/display/nancy-paola-sanz-villate,Escuela de Medicina y Ciencias de la Salud,Docente clínico y de prácticas,https://research-hub.urosario.edu.co/file/n8213/thumbnail_Captura+de+pantalla+2025-10-20+131033.jpg,nancy-paola-sanz-villate,json_profesores/nancy-paola-sanz-villate.json
Sarmiento Auli,Iván Darío,"Sarmiento Auli, Iván Darío",https://research-hub.urosario.edu.co/display/ivan-dario-sarmiento-auli,Facultad de Economía,Profesor de cátedra posgrado,https://research-hub.urosario.edu.co/file/n16792/thumbnail_sarmiento+ivan.jpg,ivan-dario-sarmiento-auli,json_profesores/ivan-dario-sarmiento-auli.json
Sarmiento Jaramillo,Alma Catalina,"Sarmiento Jaramillo, Alma Catalina",https://research-hub.urosario.edu.co/display/alma-catalina-sarmiento-jaramillo,Facultad de Creación,Profesor asociado de carrera,https://research-hub.urosario.edu.co/file/n7475/thumbnail_Alma+Sarmiento.jpg,alma-catalina-sarmiento-jaramillo,json_profesores/alma-catalina-sarmiento-jaramillo.json
Sarmiento Jaramillo,Camilo,"Sarmiento Jaramillo, Camilo",https://research-hub.urosario.edu.co/display/camilo-sarmiento-jaramillo,"Escuela de Estudios Sociales, Políticos e Internacionales",Profesor asistente de carrera,https://research-hub.urosario.edu.co/file/n6996/thumbnail_Sarmieto6.jpg,camilo-sarmiento-jaramillo,json_profesores/camilo-sarmiento-jaramillo.json
Sarmiento López,Mónica María,"Sarmiento López, Mónica María",https://research-hub.urosario.edu.co/display/monica-maria-sarmiento-lopez,Escuela de Medicina y Ciencias de la Salud,Docente clínico y de prácticas,https://research-hub.urosario.edu.co/file/n1215/thumbnail_Captura+de+pantalla+2025-11-24+105550.jpg,monica-maria-sarmiento-lopez,json_profesores/monica-maria-sarmiento-lopez.json
Sarmiento Rincón,Alejandro Yeisson,"Sarmiento Rincón, Alejandro Yeisson",https://research-hub.urosario.edu.co/display/alejandro-sarmiento-rincon,Escuela de Medicina y Ciencias de la Salud,Profesor mérito,,alejandro-sarmiento-rincon,json_profesores/alejandro-sarmiento-rincon.json
Sarmiento Rojas,Jefferson Steven,"Sarmiento Rojas, Jefferson Steven",https://research-hub.urosario.edu.co/display/jefferson-steven-sarmiento-rojas,Escuela de Medicina y Ciencias de la Salud,Profesor de docencia y práctica,https://research-hub.urosario.edu.co/file/n32560/thumbnail_sarmiento-jefferson.jpg,jefferson-steven-sarmiento-rojas,json_profesores/jefferson-steven-sarmiento-rojas.json
Schuster,Sven Benjamín,"Schuster , Sven Benjamín",https://research-hub.urosario.edu.co/display/benjamin-schuster-sven,"Escuela de Estudios Sociales, Políticos e Internacionales",Profesor titular de carrera,https://research-hub.urosario.edu.co/file/n26597/thumbnail_sven.jpg,benjamin-schuster-sven,json_profesores/benjamin-schuster-sven.json
Seijas Ruiz,Luis Eduardo,"Seijas Ruiz, Luis Eduardo",https://research-hub.urosario.edu.co/display/luis-eduardo-seijas-ruiz,Escuela de Ciencias e Ingeniería,Profesor principal de carrera,https://research-hub.urosario.edu.co/file/n15777/thumbnail_Seijas+Luis+Eduardo.jpg,luis-eduardo-seijas-ruiz,json_profesores/luis-eduardo-seijas-ruiz.json
Sepúlveda Rico,Carlos Eduardo,"Sepúlveda Rico, Carlos Eduardo",https://research-hub.urosario.edu.co/display/carlos-eduardo-sepulveda-rico,Facultad de Economía,Profesor principal de carrera,https://research-hub.urosario.edu.co/file/n50424/thumbnail_carlos+sepulveda.jpg,carlos-eduardo-sepulveda-rico,json_profesores/carlos-eduardo-sepulveda-rico.json
Serna Meza,Gloria Patricia,"Serna Meza, Gloria Patricia",https://research-hub.urosario.edu.co/display/gloria-patricia-serna-meza,Facultad de Creación,Directora Pregrado en Arquitectura,https://research-hub.urosario.edu.co/file/n32544/thumbnail_gloria+serna.jpg,gloria-patricia-serna-meza,json_profesores/gloria-patricia-serna-meza.json
Serrano Cárdenas,Lizeth Fernanda,"Serrano Cárdenas, Lizeth Fernanda",https://research-hub.urosario.edu.co/display/lizeth-fernanda-serrano-cardenas,Escuela de Administración,Profesor principal de carrera,https://research-hub.urosario.edu.co/file/n120170/thumbnail_Profe+Lizeth.jpg,lizeth-fernanda-serrano-cardenas,json_profesores/lizeth-fernanda-serrano-cardenas.json
Serrano López,Adriana María,"Serrano López, Adriana María",https://research-hub.urosario.edu.co/display/adriana-maria-serrano-lopez,"Escuela de Estudios Sociales, Políticos e Internacionales",Profesor principal de carrera,https://research-hub.urosario.edu.co/file/n32017/thumbnail_Serrano.jpg,adriana-maria-serrano-lopez,json_profesores/adriana-maria-serrano-lopez.json
Serrano Perdomo,Rafael Antonio,"Serrano Perdomo, Rafael Antonio",https://research-hub.urosario.edu.co/display/rafael-antonio-serrano-perdomo,Facultad de Economía,Profesor asociado de carrera,https://research-hub.urosario.edu.co/file/n2157/thumbnail_rafael+antonio+serrano.jpg,rafael-antonio-serrano-perdomo,json_profesores/rafael-antonio-serrano-perdomo.json
Serrano Riobo,Yeshica,"Serrano Riobo, Yeshica",https://research-hub.urosario.edu.co/display/yeshica-serrano-riobo,Vicerrectoría Académica,Profesor adjunto,https://research-hub.urosario.edu.co/file/n63469/thumbnail_descarga-artguru.jpg,yeshica-serrano-riobo,json_profesores/yeshica-serrano-riobo.json
Serrano Sánchez,Rafael Fernando,"Serrano Sánchez, Rafael Fernando",https://research-hub.urosario.edu.co/display/rafael-fernando-serrano-sanchez,Escuela de Medicina y Ciencias de la Salud,Profesor mérito,https://research-hub.urosario.edu.co/file/n4474/thumbnail_Serrano+S%C3%A1nchez%2C+Rafael+Fernando.jpg,rafael-fernando-serrano-sanchez,json_profesores/rafael-fernando-serrano-sanchez.json
Sierra Bernal,Rubén Darío,"Sierra Bernal, Rubén Darío",https://research-hub.urosario.edu.co/display/ruben-dario-sierra-bernal,Escuela de Medicina y Ciencias de la Salud,Docente clínico y de prácticas,https://research-hub.urosario.edu.co/file/n61916/thumbnail_Captura+de+pantalla+2025-11-04+113428.jpg,ruben-dario-sierra-bernal,json_profesores/ruben-dario-sierra-bernal.json
Sierra Cadena,Grenfieth de Jesús,"Sierra Cadena, Grenfieth de Jesús",https://research-hub.urosario.edu.co/display/grenfieth-de-jesus-sierra-cadena,Facultad de Jurisprudencia,Profesor asociado de carrera,https://research-hub.urosario.edu.co/file/n14418/thumbnail_Sierra.jpg,grenfieth-de-jesus-sierra-cadena,json_profesores/grenfieth-de-jesus-sierra-cadena.json
Sierra Rodríguez,Fernando,"Sierra Rodríguez, Fernando",https://research-hub.urosario.edu.co/display/fernando-sierra-rodriguez,Facultad de Creación,Profesor principal de carrera,https://research-hub.urosario.edu.co/file/n32200/thumbnail_fernando+sierra.jpg,fernando-sierra-rodriguez,json_profesores/fernando-sierra-rodriguez.json
Silva Plata,Diana Catalina,"Silva Plata, Diana Catalina",https://research-hub.urosario.edu.co/display/diana-catalina-silva-plata,Escuela de Administración,Profesor de docencia y práctica,https://research-hub.urosario.edu.co/file/n4151/thumbnail_silva+plata.jpg,diana-catalina-silva-plata,json_profesores/diana-catalina-silva-plata.json
Soler Esparragoza,Franklin Giovanni,"Soler Esparragoza, Franklin Giovanni",https://research-hub.urosario.edu.co/display/franklin-giovanni-soler-esparragoza,Escuela de Medicina y Ciencias de la Salud,Profesor asistente de carrera,https://research-hub.urosario.edu.co/file/n7087/thumbnail_79612210.jpg,franklin-giovanni-soler-esparragoza,json_profesores/franklin-giovanni-soler-esparragoza.json
Soto Florido,Michelle Dahyana,"Soto Florido, Michelle Dahyana",https://research-hub.urosario.edu.co/display/michelle-dahyana-soto-florido,Escuela de Medicina y Ciencias de la Salud,Profesor de docencia y práctica,https://research-hub.urosario.edu.co/file/n13239/thumbnail_WhatsApp+Image+2025-08-14+at+3.09.22+PM.jpg,michelle-dahyana-soto-florido,json_profesores/michelle-dahyana-soto-florido.json
Soto Hoyos,Juan Francisco,"Soto Hoyos, Juan Francisco",https://research-hub.urosario.edu.co/display/juan-francisco-soto-hoyos,Facultad de Jurisprudencia,Profesor de docencia y práctica,,juan-francisco-soto-hoyos,json_profesores/juan-francisco-soto-hoyos.json
Stozitzky Otálora,Santiago,"Stozitzky Otálora, Santiago",https://research-hub.urosario.edu.co/display/santiago-stozitzky-otalora,Facultad de Economía,Profesor de cátedra posgrado,https://research-hub.urosario.edu.co/file/n14917/thumbnail_otalora.jpg,santiago-stozitzky-otalora,json_profesores/santiago-stozitzky-otalora.json
Suelt Cock,Vanessa Andrea,"Suelt Cock, Vanessa Andrea",https://research-hub.urosario.edu.co/display/vanessa-andrea-suelt-cock,Facultad de Jurisprudencia,Directora Grupo de Investigación en Derecho Público,https://research-hub.urosario.edu.co/file/n7170/thumbnail_vanessa+andrea.jpg,vanessa-andrea-suelt-cock,json_profesores/vanessa-andrea-suelt-cock.json
Suárez Conguta,Jennifer,"Suárez Conguta, Jennifer",https://research-hub.urosario.edu.co/display/jennifer-suarez-conguta,Escuela de Medicina y Ciencias de la Salud,Instructor,https://research-hub.urosario.edu.co/file/n15797/thumbnail_Jennifer+Suarez+Conguta.jpg,jennifer-suarez-conguta,json_profesores/jennifer-suarez-conguta.json
Suárez Salazar,María  del Pilar,"Suárez Salazar, María  del Pilar",https://research-hub.urosario.edu.co/display/maria-del-pilar-suarez-salazar,Escuela de Medicina y Ciencias de la Salud,Docente clínico y de prácticas,https://research-hub.urosario.edu.co/file/n23967/thumbnail_e4e5d82c2d30b726ffd8dde42cafcf63.jpg,maria-del-pilar-suarez-salazar,json_profesores/maria-del-pilar-suarez-salazar.json
Suárez Villagrán,Dora Myriam,"Suárez Villagrán, Dora Myriam",https://research-hub.urosario.edu.co/display/dora-myriam-suarez-villagran,Escuela de Ciencias e Ingeniería,Profesor cátedra posgrado,https://research-hub.urosario.edu.co/file/n14634/thumbnail_Dora+Myriam.jpg,dora-myriam-suarez-villagran,json_profesores/dora-myriam-suarez-villagran.json
Sáenz Amaguaya,Mayra Alejandra,"Sáenz Amaguaya, Mayra Alejandra",https://research-hub.urosario.edu.co/display/mayra-alejandra-saenz-amaguaya,Facultad de Economía,Profesor principal de carrera,https://research-hub.urosario.edu.co/file/n26275/thumbnail_Mayra+Alejandra+Saenz.jpg,mayra-alejandra-saenz-amaguaya,json_profesores/mayra-alejandra-saenz-amaguaya.json
Sáenz Hernández,Julie Paulin,"Sáenz Hernández, Julie Paulin",https://research-hub.urosario.edu.co/display/julie-paulin-saenz-hernandez,Escuela de Medicina y Ciencias de la Salud,Docente clínico y de prácticas,https://research-hub.urosario.edu.co/file/n16060/thumbnail_silueta+mujer+hub.jpg,julie-paulin-saenz-hernandez,json_profesores/julie-paulin-saenz-hernandez.json
Sánchez Andrade,Adriana,"Sánchez Andrade, Adriana",https://research-hub.urosario.edu.co/display/adriana-sanchez-andrade,Escuela de Ciencias e Ingeniería,Profesor titular de carrera,https://research-hub.urosario.edu.co/file/n242/thumbnail_Sanchez.jpg,adriana-sanchez-andrade,json_profesores/adriana-sanchez-andrade.json
Sánchez López,Juan Camilo,"Sánchez López, Juan Camilo",https://research-hub.urosario.edu.co/display/juan-camilo-sanchez-lopez,Escuela de Administración,Director Administración de Negocios Internacionales,https://research-hub.urosario.edu.co/file/n11749/thumbnail_Foto+profe+Juan+Camilo+Sanchez.jpg,juan-camilo-sanchez-lopez,json_profesores/juan-camilo-sanchez-lopez.json
Sánchez Martínez,María Catalina,"Sánchez Martínez, María Catalina",https://research-hub.urosario.edu.co/display/maria-catalina-sanchez-martinez,Escuela de Medicina y Ciencias de la Salud,Profesor auxiliar de carrera,https://research-hub.urosario.edu.co/file/n26149/thumbnail_catalina3.jpg,maria-catalina-sanchez-martinez,json_profesores/maria-catalina-sanchez-martinez.json
Sánchez Obando,Laura Milena,"Sánchez Obando, Laura Milena",https://research-hub.urosario.edu.co/display/laura-milena-sanchez-obando,Escuela de Medicina y Ciencias de la Salud,Instructor,https://research-hub.urosario.edu.co/file/n187/thumbnail_S%C3%A1nchez+Obando%2C+Laura+Milena.jpg,laura-milena-sanchez-obando,json_profesores/laura-milena-sanchez-obando.json
Sánchez Pacheco,Fernando Ernesto,"Sánchez Pacheco, Fernando Ernesto",https://research-hub.urosario.edu.co/display/fernando-ernesto-sanchez-pacheco,Facultad de Creación,Profesor de docencia y práctica,https://research-hub.urosario.edu.co/file/n28030/thumbnail_fernando+pacheco.jpg,fernando-ernesto-sanchez-pacheco,json_profesores/fernando-ernesto-sanchez-pacheco.json
Sánchez Reyes,Hadid,"Sánchez Reyes, Hadid",https://research-hub.urosario.edu.co/display/hadid-sanchez-reyes,Escuela de Medicina y Ciencias de la Salud,Docente clínico y de prácticas,https://research-hub.urosario.edu.co/file/n28626/thumbnail_silueta+mujer+hub.jpg,hadid-sanchez-reyes,json_profesores/hadid-sanchez-reyes.json
Sánchez Salazar,Fabián,"Sánchez Salazar, Fabián",https://research-hub.urosario.edu.co/display/fabian-sanchez-salazar,Escuela de Ciencias e Ingeniería,Profesor principal de carrera,https://research-hub.urosario.edu.co/file/n3722/thumbnail_SANCHEZ+SALAZAR+FABIAN.jpg,fabian-sanchez-salazar,json_profesores/fabian-sanchez-salazar.json
Sánchez Vanegas,Guillermo,"Sánchez Vanegas, Guillermo",https://research-hub.urosario.edu.co/display/guillermo-sanchez-vanegas,Escuela de Medicina y Ciencias de la Salud,Profesor titular de carrera,https://research-hub.urosario.edu.co/file/n4324/thumbnail_Dr+Guillermo_M%C3%A9deri.jpg,guillermo-sanchez-vanegas,json_profesores/guillermo-sanchez-vanegas.json
Talero Gutiérrez,Claudia,"Talero Gutiérrez, Claudia",https://research-hub.urosario.edu.co/display/claudia-talero-gutierrez,Escuela de Medicina y Ciencias de la Salud,Profesor adjunto,https://research-hub.urosario.edu.co/file/n8956/thumbnail_Talero.jpg,claudia-talero-gutierrez,json_profesores/claudia-talero-gutierrez.json
Tamayo Álvarez,Rafael Alberto,"Tamayo Álvarez, Rafael Alberto",https://research-hub.urosario.edu.co/display/rafael-alberto-tamayo-alvarez,Facultad de Jurisprudencia,Director Grupo de Investigación en Derecho Internacional,https://research-hub.urosario.edu.co/file/n6618/thumbnail_rafael_tamayo.jpg,rafael-alberto-tamayo-alvarez,json_profesores/rafael-alberto-tamayo-alvarez.json
Tapias Ortega,José Manuel,"Tapias Ortega, José Manuel",https://research-hub.urosario.edu.co/display/jose-manuel-tapias-ortega,Facultad de Economía,Profesor de cátedra posgrado,https://research-hub.urosario.edu.co/file/n512/thumbnail_Tapias+Ortega%2C+Jos%C3%A9+Manuel.jpg,jose-manuel-tapias-ortega,json_profesores/jose-manuel-tapias-ortega.json
Tautiva Ochoa,Karen,"Tautiva Ochoa, Karen",https://research-hub.urosario.edu.co/display/karen-tautiva-ochoa,Decanatura del Medio Universitario,Profesor cátedra,https://research-hub.urosario.edu.co/file/n6986/thumbnail_Foto+Karen+Tautuva.jpg,karen-tautiva-ochoa,json_profesores/karen-tautiva-ochoa.json
Tenjo Castaño,Camilo Antonio,"Tenjo Castaño, Camilo Antonio",https://research-hub.urosario.edu.co/display/camilo-antonio-tenjo-castano,Escuela de Medicina y Ciencias de la Salud,Profesor de docencia,https://research-hub.urosario.edu.co/file/n12205/thumbnail_tenjo_camilo.jpg,camilo-antonio-tenjo-castano,json_profesores/camilo-antonio-tenjo-castano.json
Ternera Reyes,Leila Janeth,"Ternera Reyes, Leila Janeth",https://research-hub.urosario.edu.co/display/leila-janeth-ternera-reyes,Escuela de Medicina y Ciencias de la Salud,Docente clínico y de prácticas,https://research-hub.urosario.edu.co/file/n14341/thumbnail_Captura+de+pantalla+2026-01-20+172308.jpg,leila-janeth-ternera-reyes,json_profesores/leila-janeth-ternera-reyes.json
Tolosa Guzmán,Ingrid Alexandra,"Tolosa Guzmán, Ingrid Alexandra",https://research-hub.urosario.edu.co/display/ingrid-alexandra-tolosa-guzman,Escuela de Medicina y Ciencias de la Salud,Directora programa de Fisioterapia,https://research-hub.urosario.edu.co/file/n32073/thumbnail_Tolosa.jpg,ingrid-alexandra-tolosa-guzman,json_profesores/ingrid-alexandra-tolosa-guzman.json
Tordecilla Sanders,María Alejandra,"Tordecilla Sanders, María Alejandra",https://research-hub.urosario.edu.co/display/maria-alejandra-tordecilla-sanders,Escuela de Medicina y Ciencias de la Salud,Profesor asistente de carrera,https://research-hub.urosario.edu.co/file/n9884/thumbnail_Alejandra_tordecilla.jpg,maria-alejandra-tordecilla-sanders,json_profesores/maria-alejandra-tordecilla-sanders.json
Torres Caro,María Cristina,"Torres Caro, María Cristina",https://research-hub.urosario.edu.co/display/maria-cristina-torres-caro,Escuela de Medicina y Ciencias de la Salud,Docente clínico y de prácticas,https://research-hub.urosario.edu.co/file/n16307/thumbnail_Captura+de+pantalla+2025-10-17+115917.jpg,maria-cristina-torres-caro,json_profesores/maria-cristina-torres-caro.json
Torres Izquierdo,Manuel Gerardo,"Torres Izquierdo, Manuel Gerardo",https://research-hub.urosario.edu.co/display/manuel-gerardo-torres-izquierdo,Escuela de Medicina y Ciencias de la Salud,Docente clínico y de prácticas,,manuel-gerardo-torres-izquierdo,json_profesores/manuel-gerardo-torres-izquierdo.json
Torres Mancera,Jorge,"Torres Mancera, Jorge",https://research-hub.urosario.edu.co/display/jorge-torres-mancera,Escuela de Medicina y Ciencias de la Salud,Docente clínico y de prácticas,https://research-hub.urosario.edu.co/file/n8921/thumbnail_prof_3526_20200417162341.jpg,jorge-torres-mancera,json_profesores/jorge-torres-mancera.json
Torres Narváez,Martha Rocío,"Torres Narváez, Martha Rocío",https://research-hub.urosario.edu.co/display/martha-rocio-torres-narvaez,Escuela de Medicina y Ciencias de la Salud,Profesor principal de carrera,https://research-hub.urosario.edu.co/file/n23390/thumbnail_Torres.jpg,martha-rocio-torres-narvaez,json_profesores/martha-rocio-torres-narvaez.json
Torres Sánchez,María Fernanda,"Torres Sánchez, María Fernanda",https://research-hub.urosario.edu.co/display/maria-fernanda-torres-sanchez,Escuela de Medicina y Ciencias de la Salud,Docente clínico y de prácticas,https://research-hub.urosario.edu.co/file/n10389/thumbnail_silueta+mujer+hub.jpg,maria-fernanda-torres-sanchez,json_profesores/maria-fernanda-torres-sanchez.json
Torres Villarreal,María Lucía,"Torres Villarreal, María Lucía",https://research-hub.urosario.edu.co/display/maria-lucia-torres-villarreal,Facultad de Jurisprudencia,Profesor asociado de carrera,https://research-hub.urosario.edu.co/file/n3833/thumbnail_WhatsApp+Image+2026-06-26+at+10.07.54+AM.jpg,maria-lucia-torres-villarreal,json_profesores/maria-lucia-torres-villarreal.json
Triana Schoonewolff,Carlos Alberto,"Triana Schoonewolff, Carlos Alberto",https://research-hub.urosario.edu.co/display/carlos-alberto-triana-schoonewolff,Escuela de Medicina y Ciencias de la Salud,Docente clínico y de prácticas,,carlos-alberto-triana-schoonewolff,json_profesores/carlos-alberto-triana-schoonewolff.json
Trillos Chacón,María Constanza,"Trillos Chacón, María Constanza",https://research-hub.urosario.edu.co/display/maria-constanza-trillos-chacon,Escuela de Medicina y Ciencias de la Salud,Profesor asistente de carrera,https://research-hub.urosario.edu.co/file/n13580/thumbnail_Trillos.jpg,maria-constanza-trillos-chacon,json_profesores/maria-constanza-trillos-chacon.json
Trillos Peña,Carlos Enrique,"Trillos Peña, Carlos Enrique",https://research-hub.urosario.edu.co/display/carlos-enrique-trillos-pena,Escuela de Medicina y Ciencias de la Salud,Profesor principal de carrera,https://research-hub.urosario.edu.co/file/n27670/thumbnail_Trillos.jpg,carlos-enrique-trillos-pena,json_profesores/carlos-enrique-trillos-pena.json
Trillos Vera,Julio Efraín,"Trillos Vera, Julio Efraín",https://research-hub.urosario.edu.co/display/julio-efrain-trillos-vera,Escuela de Medicina y Ciencias de la Salud,Docente clínico y de prácticas,https://research-hub.urosario.edu.co/file/n22699/thumbnail_thumbnail_IMG_3604.jpg,julio-efrain-trillos-vera,json_profesores/julio-efrain-trillos-vera.json
Trompetero González,Andrea Catalina,"Trompetero González, Andrea Catalina",https://research-hub.urosario.edu.co/display/andrea-catalina-trompetero-gonzalez,Escuela de Medicina y Ciencias de la Salud,Profesor asistente de carrera,https://research-hub.urosario.edu.co/file/n5289/thumbnail_andrea_trompetero.jpg,andrea-catalina-trompetero-gonzalez,json_profesores/andrea-catalina-trompetero-gonzalez.json
Trujillo Bocanegra,Harol,"Trujillo Bocanegra, Harol",https://research-hub.urosario.edu.co/display/harol-trujillo-bocanegra,Escuela de Medicina y Ciencias de la Salud,Docente clínico y de prácticas,https://research-hub.urosario.edu.co/file/n1151/thumbnail_Trujillo-Bocanegra-Harol-1024x680.jpg,harol-trujillo-bocanegra,json_profesores/harol-trujillo-bocanegra.json
Ucros Lozano,Enrique Carlos,"Ucros Lozano, Enrique Carlos",https://research-hub.urosario.edu.co/display/enrique-carlos-ucros-lozano,Escuela de Medicina y Ciencias de la Salud,Docente clínico y de prácticas,https://research-hub.urosario.edu.co/file/n3465/thumbnail_Captura+de+pantalla+2025-10-20+141301.jpg,enrique-carlos-ucros-lozano,json_profesores/enrique-carlos-ucros-lozano.json
Ugarriza Uribe,Juan Esteban,"Ugarriza Uribe, Juan Esteban",https://research-hub.urosario.edu.co/display/juan-esteban-ugarriza-uribe,Facultad de Jurisprudencia,Profesor titular de carrera,https://research-hub.urosario.edu.co/file/n2970/thumbnail_JuanEstebanU1.jpg,juan-esteban-ugarriza-uribe,json_profesores/juan-esteban-ugarriza-uribe.json
Ulloa Martínez,Ana María,"Ulloa Martínez, Ana María",https://research-hub.urosario.edu.co/display/ana-maria-ulloa-martinez,Escuela de Medicina y Ciencias de la Salud,Docente clínico y de prácticas,https://research-hub.urosario.edu.co/file/n58757/thumbnail_1552599901742.jpg,ana-maria-ulloa-martinez,json_profesores/ana-maria-ulloa-martinez.json
Urbano Canal,Nathalia,"Urbano Canal, Nathalia",https://research-hub.urosario.edu.co/display/nathalia-urbano-canal,"Escuela de Estudios Sociales, Políticos e Internacionales",Profesor principal de carrera,https://research-hub.urosario.edu.co/file/n12059/thumbnail_urbano-natalia.jpg,nathalia-urbano-canal,json_profesores/nathalia-urbano-canal.json
Uribe Martínez,Simón,"Uribe Martínez, Simón",https://research-hub.urosario.edu.co/display/simon-uribe-martinez,"Escuela de Estudios Sociales, Políticos e Internacionales",Profesor asociado de carrera,https://research-hub.urosario.edu.co/file/n15695/thumbnail_Uribe.jpg,simon-uribe-martinez,json_profesores/simon-uribe-martinez.json
Urrego Duque,Luisa Fernanda,"Urrego Duque, Luisa Fernanda",https://research-hub.urosario.edu.co/display/luisa-fernanda-urrego-duque,Escuela de Ciencias e Ingeniería,Profesor asistente de carrera,https://research-hub.urosario.edu.co/file/n43309/thumbnail_Urrego.jpg,luisa-fernanda-urrego-duque,json_profesores/luisa-fernanda-urrego-duque.json
Useche Arévalo,Alejandro José,"Useche Arévalo, Alejandro José",https://research-hub.urosario.edu.co/display/alejandro-jose-useche-arevalo,Escuela de Administración,Profesor asociado de carrera,https://research-hub.urosario.edu.co/file/n1645/thumbnail_alejandro-jose-useche-arevalo.jpg,alejandro-jose-useche-arevalo,json_profesores/alejandro-jose-useche-arevalo.json
Useche Beltrán,Cristhian Alexander,"Useche Beltrán, Cristhian Alexander",https://research-hub.urosario.edu.co/display/cristhian-alexander-useche-beltran,Escuela de Medicina y Ciencias de la Salud,Docente clínico y de prácticas,,cristhian-alexander-useche-beltran,json_profesores/cristhian-alexander-useche-beltran.json
Valderrama Ardila,Carlos Humberto,"Valderrama Ardila, Carlos Humberto",https://research-hub.urosario.edu.co/display/carlos-humberto-valderrama-ardila,Escuela de Ciencias e Ingeniería,Profesor asociado de carrera,https://research-hub.urosario.edu.co/file/n1719/thumbnail_Foto-Carlos-Valderrama-A.jpg,carlos-humberto-valderrama-ardila,json_profesores/carlos-humberto-valderrama-ardila.json
Valderrama Avila,Alix Jessika,"Valderrama Avila, Alix Jessika",https://research-hub.urosario.edu.co/display/alix-jessika-valderrama-avila,Escuela de Medicina y Ciencias de la Salud,Docente clínico y de prácticas,https://research-hub.urosario.edu.co/file/n8506/thumbnail_Captura+de+pantalla+2025-10-15+134951.jpg,alix-jessika-valderrama-avila,json_profesores/alix-jessika-valderrama-avila.json
Valencia Tello,Diana Carolina,"Valencia Tello, Diana Carolina",https://research-hub.urosario.edu.co/display/diana-carolina-valencia-tello,Facultad de Jurisprudencia,Profesor asociado de carrera,https://research-hub.urosario.edu.co/file/n9814/thumbnail_Tello.jpg,diana-carolina-valencia-tello,json_profesores/diana-carolina-valencia-tello.json
Vallejo Puerta,Santiago,"Vallejo Puerta, Santiago",https://research-hub.urosario.edu.co/display/santiago-vallejo-puerta,Escuela de Medicina y Ciencias de la Salud,Profesor mérito,https://research-hub.urosario.edu.co/file/n16269/thumbnail_SANTIAGO+PUERTO.jpg,santiago-vallejo-puerta,json_profesores/santiago-vallejo-puerta.json
Vanegas Rodríguez,María Catalina,"Vanegas Rodríguez, María Catalina",https://research-hub.urosario.edu.co/display/maria-catalina-vanegas-rodriguez,Facultad de Creación,Profesor de docencia y práctica,https://research-hub.urosario.edu.co/file/n24956/thumbnail_Vanegas+Rodr%C3%ADguez%2C+Mar%C3%ADa+Catalina.jpg,maria-catalina-vanegas-rodriguez,json_profesores/maria-catalina-vanegas-rodriguez.json
Vargas Lara,Rodrigo Alfonso,"Vargas Lara, Rodrigo Alfonso",https://research-hub.urosario.edu.co/display/rodrigo-alfonso-vargas-lara,Escuela de Medicina y Ciencias de la Salud,Profesor mérito,https://research-hub.urosario.edu.co/file/n5831/thumbnail_Vargas+Lara%2C+Rodrigo+Alfonso.jpg,rodrigo-alfonso-vargas-lara,json_profesores/rodrigo-alfonso-vargas-lara.json
Vargas Rodríguez,Grace Nathaly,"Vargas Rodríguez, Grace Nathaly",https://research-hub.urosario.edu.co/display/grace-nathaly-vargas-rodriguez,Escuela de Medicina y Ciencias de la Salud,Profesor mérito,https://research-hub.urosario.edu.co/file/n35518/thumbnail_silueta+mujer.jpg,grace-nathaly-vargas-rodriguez,json_profesores/grace-nathaly-vargas-rodriguez.json
Vargas RuÍz,Cindy Vanessa,"Vargas RuÍz, Cindy Vanessa",https://research-hub.urosario.edu.co/display/cindy-vanessa-vargas-ruiz,Escuela de Medicina y Ciencias de la Salud,Docente clínico y de prácticas,https://research-hub.urosario.edu.co/file/n21302/thumbnail_silueta+mujer+hub.jpg,cindy-vanessa-vargas-ruiz,json_profesores/cindy-vanessa-vargas-ruiz.json
Vargas Álvarez,Sebastián,"Vargas Álvarez, Sebastián",https://research-hub.urosario.edu.co/display/sebastian-vargas-alvarez,"Escuela de Estudios Sociales, Políticos e Internacionales",Profesor asociado de carrera,https://research-hub.urosario.edu.co/file/n31101/thumbnail_Vargas.jpg,sebastian-vargas-alvarez,json_profesores/sebastian-vargas-alvarez.json
Varona Uribe,Marcela Eugenia,"Varona Uribe, Marcela Eugenia",https://research-hub.urosario.edu.co/display/marcela-eugenia-varona-uribe,Escuela de Medicina y Ciencias de la Salud,Profesor titular de carrera,https://research-hub.urosario.edu.co/file/n7306/thumbnail_Varona.jpg,marcela-eugenia-varona-uribe,json_profesores/marcela-eugenia-varona-uribe.json
Vega Barbosa,Juan Camilo,"Vega Barbosa, Juan Camilo",https://research-hub.urosario.edu.co/display/juan-camilo-vega-barbosa,"Escuela de Estudios Sociales, Políticos e Internacionales",Profesor de docencia y práctica,https://research-hub.urosario.edu.co/file/n57630/thumbnail_juan+vega.jpg,juan-camilo-vega-barbosa,json_profesores/juan-camilo-vega-barbosa.json
Velandia Moreno,Ruth Patricia,"Velandia Moreno, Ruth Patricia",https://research-hub.urosario.edu.co/display/ruth-patricia-velandia-moreno,Escuela de Medicina y Ciencias de la Salud,Docente clínico y de prácticas,https://research-hub.urosario.edu.co/file/n12027/thumbnail_silueta+mujer+hub.jpg,ruth-patricia-velandia-moreno,json_profesores/ruth-patricia-velandia-moreno.json
Velasco Forero,Sandra Esperanza,"Velasco Forero, Sandra Esperanza",https://research-hub.urosario.edu.co/display/sandra-esperanza-velasco-forero,Escuela de Medicina y Ciencias de la Salud,Profesor auxiliar de carrera,https://research-hub.urosario.edu.co/file/n17430/thumbnail_Sandra+velasco.jpg,sandra-esperanza-velasco-forero,json_profesores/sandra-esperanza-velasco-forero.json
Velez Van Meerbeke,Alberto Francisco,"Velez Van Meerbeke, Alberto Francisco",https://research-hub.urosario.edu.co/display/alberto-francisco-velez-van-meerbeke,Escuela de Medicina y Ciencias de la Salud,Profesor adjunto,https://research-hub.urosario.edu.co/file/n1523/thumbnail_79141398.jpg,alberto-francisco-velez-van-meerbeke,json_profesores/alberto-francisco-velez-van-meerbeke.json
Velásquez Gómez,Katherine Rocío,"Velásquez Gómez, Katherine Rocío",https://research-hub.urosario.edu.co/display/katherine-rocio-velasquez-gomez,Escuela de Medicina y Ciencias de la Salud,Profesor auxiliar de carrera,https://research-hub.urosario.edu.co/file/n10602/thumbnail_Captura+de+pantalla+2026-03-24+104333.jpg,katherine-rocio-velasquez-gomez,json_profesores/katherine-rocio-velasquez-gomez.json
Velásquez Torres,Alejandro,"Velásquez Torres, Alejandro",https://research-hub.urosario.edu.co/display/alejandro-velasquez-torres,Escuela de Medicina y Ciencias de la Salud,Profesor asistente de carrera,https://research-hub.urosario.edu.co/file/n24341/thumbnail_Velasquez.jpg,alejandro-velasquez-torres,json_profesores/alejandro-velasquez-torres.json
Venegas Sanabria,Luis Carlos,"Venegas Sanabria, Luis Carlos",https://research-hub.urosario.edu.co/display/luis-carlos-venegas-sanabria,Escuela de Medicina y Ciencias de la Salud,Profesor principal de carrera,https://research-hub.urosario.edu.co/file/n696/thumbnail_Foto+Dr+Venegas+%282%29.jpg,luis-carlos-venegas-sanabria,json_profesores/luis-carlos-venegas-sanabria.json
Vera Márquez,Ángela Victoria,"Vera Márquez, Ángela Victoria",https://research-hub.urosario.edu.co/display/angela-victoria-vera-marquez,Escuela de Medicina y Ciencias de la Salud,Directora programa de Psicología,https://research-hub.urosario.edu.co/file/n26829/thumbnail_Captura+de+pantalla+2026-03-24+142638.jpg,angela-victoria-vera-marquez,json_profesores/angela-victoria-vera-marquez.json
Vergel Guerrero,John Alexander,"Vergel Guerrero, John Alexander",https://research-hub.urosario.edu.co/display/john-alexander-vergel-guerrero,Escuela de Medicina y Ciencias de la Salud,Director programa Medicina,https://research-hub.urosario.edu.co/file/n1918/thumbnail_Vergel.jpg,john-alexander-vergel-guerrero,json_profesores/john-alexander-vergel-guerrero.json
Villamil Duarte,Angy Carolina,"Villamil Duarte, Angy Carolina",https://research-hub.urosario.edu.co/display/angy-carolina-villamil-duarte,Escuela de Medicina y Ciencias de la Salud,Profesor asistente de carrera,https://research-hub.urosario.edu.co/file/n6215/thumbnail_Angy-Carolina-Villamil.jpg,angy-carolina-villamil-duarte,json_profesores/angy-carolina-villamil-duarte.json
Villamil Rodríguez,María José,"Villamil Rodríguez, María José",https://research-hub.urosario.edu.co/display/maria-jose-villamil-rodriguez,Facultad de Creación,Profesor principal de carrera,https://research-hub.urosario.edu.co/file/n3446/thumbnail_villamil+maria+jose.jpg,maria-jose-villamil-rodriguez,json_profesores/maria-jose-villamil-rodriguez.json
Villegas Gálvez,Victoria Eugenia,"Villegas Gálvez, Victoria Eugenia",https://research-hub.urosario.edu.co/display/victoria-eugenia-villegas-galvez,Escuela de Ciencias e Ingeniería,Profesor asociado de carrera,https://research-hub.urosario.edu.co/file/n12300/thumbnail_victoria-eugenia-villegas-ur.jpg,victoria-eugenia-villegas-galvez,json_profesores/victoria-eugenia-villegas-galvez.json
Vivas Prieto,José Manuel,"Vivas Prieto, José Manuel",https://research-hub.urosario.edu.co/display/jose-manuel-vivas-prieto,Escuela de Medicina y Ciencias de la Salud,Profesor principal de carrera,https://research-hub.urosario.edu.co/file/n14175/thumbnail_Foto+HUB+profe+Vivas.jpg,jose-manuel-vivas-prieto,json_profesores/jose-manuel-vivas-prieto.json
Wightman Rojas,Pedro Mario,"Wightman Rojas, Pedro Mario",https://research-hub.urosario.edu.co/display/pedro-mario-wightman-rojas,Escuela de Ciencias e Ingeniería,Profesor asociado de carrera,https://research-hub.urosario.edu.co/file/n11493/thumbnail_pedro_wighthman.jpg,pedro-mario-wightman-rojas,json_profesores/pedro-mario-wightman-rojas.json
Yepes Velasco,Andrés Felipe,"Yepes Velasco, Andrés Felipe",https://research-hub.urosario.edu.co/display/andres-felipe-yepes,Escuela de Medicina y Ciencias de la Salud,Profesor mérito,https://research-hub.urosario.edu.co/file/n11509/thumbnail_Yepes+Velasco%2C+Andr%C3%A9s+Felipe.jpg,andres-felipe-yepes,json_profesores/andres-felipe-yepes.json
Zambrano Camargo,Yaritza Alexandra,"Zambrano Camargo, Yaritza Alexandra",https://research-hub.urosario.edu.co/display/yaritza-alexandra-zambrano-camargo,Facultad de Economía,Profesor de docencia,https://research-hub.urosario.edu.co/file/n12782/thumbnail_Yaritza+Alexandra+Zambrano+Camargo.jpg,yaritza-alexandra-zambrano-camargo,json_profesores/yaritza-alexandra-zambrano-camargo.json
Zambrano Vanegas,Paula Natalia,"Zambrano Vanegas, Paula Natalia",https://research-hub.urosario.edu.co/display/paula-natalia-zambrano-vanegas,Escuela de Medicina y Ciencias de la Salud,Docente clínico y de prácticas,https://research-hub.urosario.edu.co/file/n24451/thumbnail_Natalia+Zambrano.jpg,paula-natalia-zambrano-vanegas,json_profesores/paula-natalia-zambrano-vanegas.json
Zapata Henao,Sebastián,"Zapata Henao, Sebastián",https://research-hub.urosario.edu.co/display/sebastian-zapata-henao,Escuela de Ciencias e Ingeniería,Profesor principal de carrera,https://research-hub.urosario.edu.co/file/n4283/thumbnail_Zapata.jpg,sebastian-zapata-henao,json_profesores/sebastian-zapata-henao.json
Zea Arias,Aura Patricia,"Zea Arias, Aura Patricia",https://research-hub.urosario.edu.co/display/aura-patricia-zea-arias,Escuela de Medicina y Ciencias de la Salud,Profesor auxiliar de carrera,https://research-hub.urosario.edu.co/file/n7148/thumbnail_Zea.jpg,aura-patricia-zea-arias,json_profesores/aura-patricia-zea-arias.json
Zuluaga Arbeláez,Clarena,"Zuluaga Arbeláez, Clarena",https://research-hub.urosario.edu.co/display/clarena-zuluaga-arbelaez,Escuela de Medicina y Ciencias de la Salud,Docente clínico y de prácticas,https://research-hub.urosario.edu.co/file/n9422/thumbnail_Captura+de+pantalla+2025-12-17+115752.jpg,clarena-zuluaga-arbelaez,json_profesores/clarena-zuluaga-arbelaez.json
Zuñiga Reyes,Danghelly Giovanna,"Zuñiga Reyes, Danghelly Giovanna",https://research-hub.urosario.edu.co/display/danghelly-giovanna-zuniga-reyes,"Escuela de Estudios Sociales, Políticos e Internacionales",Profesor principal de carrera,https://research-hub.urosario.edu.co/file/n14512/thumbnail_danghelly-giovanna-zuniga-reyes.jpg,danghelly-giovanna-zuniga-reyes,json_profesores/danghelly-giovanna-zuniga-reyes.json
Zúñiga,Sandra Viviana,"Zúñiga, Sandra Viviana",https://research-hub.urosario.edu.co/display/sandra-viviana-zuniga,Escuela de Medicina y Ciencias de la Salud,Docente clínico y de prácticas,https://research-hub.urosario.edu.co/file/n14091/thumbnail_Captura+de+pantalla+2026-03-02+122115.jpg,sandra-viviana-zuniga,json_profesores/sandra-viviana-zuniga.json
Ángel Macías,Mauricio Alberto,"Ángel Macías, Mauricio Alberto",https://research-hub.urosario.edu.co/display/mauricio-alberto-angel-macias,Escuela de Medicina y Ciencias de la Salud,Profesor principal de carrera,https://research-hub.urosario.edu.co/file/n417/thumbnail_ANGEL_MACIAS_MAURICIO.jpg,mauricio-alberto-angel-macias,json_profesores/mauricio-alberto-angel-macias.json
Ávila Díaz,Álvaro Javier,"Ávila Díaz, Álvaro Javier",https://research-hub.urosario.edu.co/display/alvaro-javier-avila-diaz,Escuela de Ciencias e Ingeniería,Profesor principal de carrera,https://research-hub.urosario.edu.co/file/n26481/thumbnail_Foto_Fondo_Blanco.jpg,alvaro-javier-avila-diaz,json_profesores/alvaro-javier-avila-diaz.json
Ávila Montealegre,Oscar Iván,"Ávila Montealegre, Oscar Iván",https://research-hub.urosario.edu.co/display/oscar-ivan-avila-montealegre,Facultad de Economía,Profesor de cátedra posgrado,https://research-hub.urosario.edu.co/file/n12833/thumbnail_OscarAvila-0.jpg,oscar-ivan-avila-montealegre,json_profesores/oscar-ivan-avila-montealegre.json
Córdoba Restrepo,Juan Felipe,"Córdoba Restrepo, Juan Felipe",https://research-hub.urosario.edu.co/display/juan-felipe-cordoba-restrepo,Editorial de la Universidad del Rosario,Director,https://research-hub.urosario.edu.co/file/n15963/thumbnail_Juan-Felipe-Cordoba.jpg,juan-felipe-cordoba-restrepo,json_profesores/juan-felipe-cordoba-restrepo.json
Lisowska Navarro,Malgorzata,"Lisowska Navarro, Malgorzata",https://research-hub.urosario.edu.co/display/malgorzata-lisowska-navarro,,Directora,https://research-hub.urosario.edu.co/file/n2543/thumbnail_243460.jpg,malgorzata-lisowska-navarro,json_profesores/malgorzata-lisowska-navarro.json
Ojeda Espinel,Olga Juliana,"Ojeda Espinel, Olga Juliana",https://research-hub.urosario.edu.co/display/olga-juliana-ojeda-espinel,Decanatura del Medio Universitario,Jefa psicología y calidad de vida,https://research-hub.urosario.edu.co/file/n2352/thumbnail_olga_juliana_ojeda_UR.jpg,olga-juliana-ojeda-espinel,json_profesores/olga-juliana-ojeda-espinel.json
Pérez Rodríguez,Sandy Johanna,"Pérez Rodríguez, Sandy Johanna",https://research-hub.urosario.edu.co/display/sandy-johanna-perez-rodriguez,Decanatura del Medio Universitario,Psiquiatra,https://research-hub.urosario.edu.co/file/n43288/thumbnail_Foto+Sandy+Perez.jpg,sandy-johanna-perez-rodriguez,json_profesores/sandy-johanna-perez-rodriguez.json
